Sample_ID,Date_Open,Total_Mass_Flux_g_m2_day ,Terrigenous_Flux_g_m2_day ,PON_Flux_mmoles_m2_day,POC_Flux_mmoles_m2_day,CaCO3_Flux_mmoles_m2_day,OPAL_Flux_mmoles_m2_day,TPP_Flux_umolesP_m2_day,PIP_Flux_umolesP_m2_day,POP_Flux_umolesP_m2_day
SBB 1-1,1993-08-12,2.74,1.86,0.88,8.35,2.07,15.03,148.19,123.89,24.30
SBB 1-2,1993-08-26,2.16,1.18,0.89,7.91,1.73,20.19,140.18,115.59,24.59
SBB 1-3,1993-09-09,1.89,1.24,0.69,6.48,1.64,10.47,99.23,81.07,18.17
SBB 1-4,1993-09-23,1.65,1.10,0.57,5.31,1.31,9.11,83.21,68.00,15.21
SBB 1-5,1993-10-07,1.48,1.00,0.50,4.81,1.12,7.71,73.95,61.43,12.51
SBB 1-6,1993-10-21,1.27,0.84,0.48,4.45,1.27,6.20,71.67,59.13,12.55
SBB 1-7,1993-11-04,1.82,1.37,0.50,4.99,1.34,6.17,100.48,86.31,14.17
SBB 1-8,1993-11-18,1.32,0.87,0.45,4.32,1.28,6.93,78.04,65.81,12.23
SBB 1-9,1993-12-02,2.44,1.75,0.73,6.98,2.69,7.65,201.99,184.50,17.49
SBB 1-10,1993-12-16,1.92,1.39,0.60,5.62,1.92,6.32,114.01,97.97,16.04
SBB 1-11,1993-12-30,1.28,0.80,0.49,4.49,1.47,6.87,77.63,65.25,12.38
SBB 1-12,1994-01-13,1.53,0.99,0.57,5.27,1.76,7.46,93.66,79.64,14.02
SBB 1-13,1994-01-27,1.37,0.85,0.50,4.54,1.83,7.29,93.66,80.38,13.28
SBB 2-1,1994-02-11,1.47,0.85,0.63,5.23,1.53,10.89,85.91,71.03,14.87
SBB 2-2,1994-02-25,0.81,0.44,0.36,2.99,1.20,5.76,60.79,52.39,8.40
SBB 2-3,1994-03-11,0.84,0.45,0.35,3.13,1.35,5.71,90.92,82.25,8.68
SBB 2-4,1994-03-25,0.98,0.52,0.44,3.68,1.24,8.05,107.94,96.81,11.14
SBB 2-5,1994-04-08,1.44,0.77,0.65,5.35,1.33,13.42,179.54,164.20,15.34
SBB 2-6,1994-04-22,1.55,0.79,0.74,6.05,0.87,17.58,237.17,222.03,15.14
SBB 2-7,1994-05-06,2.26,1.15,1.11,9.13,1.36,24.77,214.12,192.11,22.01
SBB 2-8,1994-05-20,2.16,1.44,0.86,7.29,1.88,11.11,164.44,147.65,16.79
SBB 2-9,1994-06-03,2.18,1.25,1.04,8.67,1.70,17.76,144.94,122.82,22.12
SBB 2-10,1994-06-17,3.55,1.91,1.83,15.04,2.19,34.73,205.16,168.92,36.24
SBB 2-11,1994-07-01,2.45,1.43,1.08,9.00,1.79,20.40,131.21,109.89,21.33
SBB 2-12,1994-07-15,1.65,0.93,0.81,6.61,1.07,14.75,96.43,80.22,16.21
SBB 2-13,1994-07-29,2.31,1.34,1.13,9.60,1.36,19.63,128.84,107.26,21.58
SBB 3-1,1994-08-23,1.95,1.24,0.90,7.37,1.36,12.53,108.89,90.59,18.30
SBB 3-2,1994-09-06,2.07,1.42,0.78,6.63,1.37,10.88,107.28,91.14,16.14
SBB 3-3,1994-09-20,1.52,0.96,0.60,5.23,1.87,7.72,78.46,66.95,11.50
SBB 3-4,1994-10-04,1.70,1.16,0.63,5.59,1.56,7.50,95.23,81.52,13.71
SBB 3-5,1994-10-18,1.99,1.48,0.74,6.65,1.18,7.07,114.23,99.96,14.27
SBB 3-6,,,,,,,,,,
SBB 3-7,,,,,,,,,,
SBB 3-8,,,,,,,,,,
SBB 3-9,,,,,,,,,,
SBB 3-10,,,,,,,,,,
SBB 3-11,,,,,,,,,,
SBB 3-12,,,,,,,,,,
SBB 3-13,,,,,,,,,,
SBB 4-1,1995-02-21,2.29,1.77,0.62,5.87,1.46,6.91,171.33,154.29,17.04
SBB 4-2,1995-03-07,1.52,1.13,0.52,5.33,0.99,4.80,125.77,112.05,13.71
SBB 4-3,1995-03-21,2.50,1.90,0.74,6.66,1.38,9.28,203.20,181.46,21.74
SBB 4-4,1995-04-04,3.35,2.25,1.03,8.78,1.87,23.40,280.09,243.57,36.51
SBB 4-5,1995-04-18,2.38,1.51,0.96,7.77,1.35,17.84,241.79,213.80,27.98
SBB 4-6,1995-05-02,2.09,0.99,0.96,7.53,1.37,26.32,202.93,176.84,26.09
SBB 4-7,1995-05-16,,,,,,,,,
SBB 4-8,1995-05-30,,,,,,,,,
SBB 4-9,1995-06-13,,,,,,,,,
SBB 4-10,1995-06-27,,,,,,,,,
SBB 4-11,1995-07-11,,,,,,,,,
SBB 4-12,1995-07-25,,,,,,,,,
SBB 4-13,1995-08-08,,,,,,,,,
SBB 5-1,1995-08-26,2.21,1.26,1.25,9.69,1.86,16.86,125.00,94.40,30.60
SBB 5-2,1995-09-09,2.59,1.34,1.95,14.44,2.02,22.08,195.45,145.15,50.30
SBB 5-3,1995-09-23,2.94,1.82,1.75,13.73,2.69,15.62,194.17,149.30,44.87
SBB 5-4,1995-10-07,1.86,1.13,1.15,9.36,1.53,10.79,115.89,90.00,25.89
SBB 5-5,1995-10-21,1.39,0.91,0.79,6.30,1.11,6.61,72.60,56.02,16.58
SBB 5-6,1995-11-04,1.75,1.23,0.82,6.92,1.24,6.91,117.09,100.25,16.84
SBB 5-7,1995-11-18,0.71,0.46,0.42,3.37,0.59,3.25,38.08,29.12,8.96
SBB 5-8,1995-12-02,1.45,1.03,0.72,5.68,0.95,5.33,78.46,64.63,13.83
SBB 5-9,1995-12-16,4.39,3.59,1.16,10.17,2.40,9.02,227.51,195.12,32.38
SBB 5-10,1995-12-30,1.43,1.11,0.54,4.24,0.80,4.05,73.41,61.05,12.36
SBB 5-11,1996-01-13,0.47,0.33,0.24,1.81,0.30,1.92,,,
SBB 5-12,1996-01-27,1.38,0.91,0.65,4.87,1.04,8.10,68.48,54.19,14.29
SBB 5-13,1996-02-10,2.29,1.62,0.93,7.24,1.60,10.68,114.08,94.72,19.36
SBB 6-1,1996-03-26,2.00,1.26,0.76,6.67,1.61,13.39,128.96,106.94,22.03
SBB 6-2,1996-04-09,2.12,0.91,1.23,10.45,1.32,27.30,136.57,108.61,27.96
SBB 6-3,1996-04-23,2.90,1.26,2.01,16.47,1.78,34.26,182.06,142.22,39.84
SBB 6-4,1996-05-07,3.57,2.28,1.47,13.25,2.42,23.31,190.35,156.23,34.12
SBB 6-5,1996-05-21,1.53,0.99,0.66,6.08,1.23,8.08,104.80,88.74,16.07
SBB 6-6,1996-06-04,3.48,1.94,1.68,15.30,2.44,29.87,164.05,123.05,41.00
SBB 6-7,1996-06-18,0.94,0.59,0.45,4.04,0.81,5.18,52.28,41.92,10.36
SBB 6-8,1996-07-02,1.98,1.21,0.93,8.29,2.18,10.85,105.38,83.72,21.65
SBB 6-9,1996-07-16,1.78,1.10,0.72,6.79,1.51,11.31,83.74,65.56,18.18
SBB 6-10,1996-07-30,2.81,1.83,1.17,10.55,2.14,16.03,136.68,106.39,30.29
SBB 6-11,1996-08-13,2.15,1.20,1.19,10.53,1.72,16.36,104.84,76.43,28.42
SBB 6-12,1996-08-27,1.28,0.81,0.64,5.62,0.95,7.61,68.76,53.15,15.61
SBB 6-13,,,,,,,,,,
SBB 7-1 B,1996-09-24,1.96,1.36,0.83,7.46,1.22,9.35,155.79,137.98,17.81
SBB 7-2 B,1996-10-08,2.53,1.77,1.00,8.79,1.72,11.81,209.87,187.18,22.69
SBB 7-3 B,1996-10-22,2.83,2.13,0.90,7.89,1.72,10.47,215.15,194.47,20.68
SBB 7-4 B,1996-11-05,2.00,1.43,0.71,6.27,1.23,9.09,169.16,153.56,15.60
SBB 7-5 B,1996-11-19,1.89,1.17,0.82,6.89,1.63,12.34,163.62,146.55,17.06
SBB 7-6 B,1996-12-03,1.66,1.22,0.58,5.49,1.03,5.96,150.77,136.86,13.91
SBB 7-7 B,1996-12-17,1.91,1.34,0.72,6.47,1.16,9.15,151.40,134.85,16.55
SBB 7-8 B,1996-12-31,1.41,1.09,0.48,4.08,0.62,4.86,108.28,98.34,9.94
SBB 7-9 B,1997-01-14,1.29,0.95,0.45,3.90,0.78,5.08,94.00,84.21,9.79
SBB 7-10 B,1997-01-28,1.42,1.05,0.47,4.09,0.81,6.06,96.97,85.90,11.07
SBB 7-11 B,1997-02-11,0.94,0.59,0.40,3.36,0.62,6.64,76.70,68.60,8.10
SBB 7-12 B,1997-02-25,1.89,1.05,0.74,6.20,0.91,20.08,140.58,126.35,14.22
SBB 7-13 B,1997-03-11,3.85,2.28,1.51,12.46,1.73,36.43,190.04,162.00,28.04
SBB 8-1 B,1997-05-22,2.70,1.66,1.77,14.51,1.74,15.29,,,
SBB 8-2 B,1997-05-29,2.65,1.82,1.10,9.84,1.58,13.46,131.16,109.27,21.90
SBB 8-3 B,1997-06-05,3.44,1.97,1.87,15.16,2.36,27.60,,,
SBB 8-4 B,1997-06-12,2.99,1.66,1.22,9.81,2.17,29.08,133.16,101.06,32.10
SBB 8-5 B,1997-06-19,3.09,1.59,1.52,12.88,2.94,29.23,159.69,126.62,33.07
SBB 8-6 B,1997-06-26,2.49,1.58,1.05,9.14,2.50,13.62,131.54,107.03,24.50
SBB 8-7 B,1997-07-10,3.50,2.27,1.35,11.69,2.84,21.32,186.70,152.67,34.02
SBB 8-8 B,1997-07-24,2.84,1.93,1.24,11.34,2.41,11.68,156.55,132.07,24.48
SBB 8-9 B,1997-08-07,3.19,2.38,1.05,9.62,2.30,10.40,172.22,147.95,24.27
SBB 8-10 B,1997-08-21,2.14,1.54,0.76,6.80,1.57,8.49,129.00,111.20,17.80
SBB 8-11 B,1997-09-04,2.67,2.02,0.78,7.36,1.64,9.35,166.55,145.75,20.80
SBB 8-12 B,1997-09-18,2.36,1.77,0.81,7.42,1.60,7.49,161.43,141.59,19.84
SBB 8-13 B,1997-10-02,5.34,4.13,1.60,14.40,3.37,15.72,334.11,300.68,33.43
SBB 9-1 B,1997-10-17,2.23,1.78,0.64,5.69,1.51,4.58,155.74,138.53,17.21
SBB 9-2 B,1997-10-31,2.29,1.87,0.60,5.20,1.54,4.13,144.67,124.99,19.68
SBB 9-3 B,1997-11-14,1.90,1.46,0.61,5.38,1.60,3.97,117.24,101.01,16.23
SBB 9-4 B,1997-11-28,2.20,1.73,0.59,5.43,1.59,5.40,143.21,125.73,17.48
SBB 9-5 B,1997-12-12,4.77,4.12,0.89,8.02,2.13,7.21,370.80,335.19,35.60
SBB 9-6 B,1997-12-26,3.20,2.64,0.73,6.48,2.01,5.98,200.41,178.14,22.27
SBB 9-7 B,1998-01-09,1.81,1.47,0.48,4.29,1.23,3.35,115.61,104.27,11.34
SBB 9-8 B,1998-01-23,4.45,3.43,1.37,11.45,4.45,8.12,259.35,230.45,28.89
SBB 9-9 B,1998-02-06,9.09,7.73,1.88,15.23,5.44,12.59,546.50,493.24,53.26
SBB 9-10 B,1998-02-20,2.37,1.93,0.66,5.52,1.31,4.97,232.36,213.34,19.02
SBB 9-11 B,1998-03-06,6.05,4.98,1.30,11.14,3.17,14.72,435.17,397.79,37.38
SBB 9-12 B,1998-03-20,3.03,2.42,0.79,6.68,1.81,8.07,237.00,214.82,22.18
SBB 9-13 B,1998-04-03,3.80,3.04,0.87,7.46,1.83,12.69,251.44,221.52,29.92
SBB 10-1,,,,,,,,,,
SBB 10-2,,,,,,,,,,
SBB 10-3,,,,,,,,,,
SBB 10-4,,,,,,,,,,
SBB 10-5,,,,,,,,,,
SBB 10-6,,,,,,,,,,
SBB 10-7,,,,,,,,,,
SBB 10-8,,,,,,,,,,
SBB 10-9,,,,,,,,,,
SBB 10-10,,,,,,,,,,
SBB 10-11,,,,,,,,,,
SBB 10-12,,,,,,,,,,
SBB 10-13,,,,,,,,,,
SBB 11-1,,,,,,,,,,
SBB 11-2,,,,,,,,,,
SBB 11-3,,,,,,,,,,
SBB 11-4,,,,,,,,,,
SBB 11-5,,,,,,,,,,
SBB 11-6,,,,,,,,,,
SBB 11-7,,,,,,,,,,
SBB 11-8,,,,,,,,,,
SBB 11-9,,,,,,,,,,
SBB 11-10,,,,,,,,,,
SBB 11-11,,,,,,,,,,
SBB 11-12,,,,,,,,,,
SBB 11-13,,,,,,,,,,
SBB 12-1,1999-04-28,1.97,0.78,1.05,8.80,1.28,28.39,89.88,70.42,19.46
SBB 12-2,1999-05-05,1.97,1.01,1.29,9.93,2.18,15.77,140.58,114.46,26.12
SBB 12-3,1999-05-19,3.33,1.70,1.95,15.29,3.66,28.65,206.55,167.31,39.23
SBB 12-4,1999-06-02,2.91,1.94,1.37,11.18,2.08,15.35,170.94,146.34,24.60
SBB 12-5,1999-06-16,3.02,1.90,1.47,12.24,2.49,17.84,179.02,150.27,28.75
SBB 12-6,1999-06-30,3.88,2.73,1.41,12.89,2.81,17.17,221.28,190.10,31.18
SBB 12-7,1999-07-14,2.56,1.51,1.28,11.33,2.26,17.06,137.50,114.20,23.30
SBB 12-8,1999-07-28,1.48,0.88,0.65,5.60,1.76,8.92,,,
SBB 12-9,1999-08-11,2.24,1.16,0.99,8.36,2.27,21.38,113.96,96.59,17.37
SBB 12-10,1999-08-25,2.97,1.77,1.49,12.45,2.25,21.42,170.39,143.18,27.21
SBB 12-11,1999-09-08,1.67,1.14,0.59,5.67,1.36,8.17,,,
SBB 12-12,1999-09-22,0.67,0.45,0.30,2.42,0.54,3.15,,,
SBB 12-13,1999-10-06,1.03,0.68,0.45,3.90,0.83,5.15,,,
SBB 13-1,1999-10-20,2.90,1.87,1.29,12.17,2.79,13.79,159.83,134.11,25.72
SBB 13-2,1999-11-03,2.72,1.64,1.21,11.85,2.54,16.74,197.62,171.60,26.02
SBB 13-3,1999-11-17,2.50,1.41,1.35,12.23,2.35,17.22,164.43,140.89,23.54
SBB 13-4,1999-12-01,2.33,1.47,0.92,8.83,2.11,13.91,215.65,195.42,20.23
SBB 13-5,1999-12-15,2.88,1.88,0.95,8.35,2.99,16.13,191.80,167.65,24.14
SBB 13-6,1999-12-29,0.77,0.51,0.34,3.31,0.68,3.09,64.36,54.89,9.47
SBB 13-7,2000-01-12,0.55,0.39,0.20,1.92,0.48,1.94,,,
SBB 13-8,2000-01-26,0.53,0.39,0.18,1.81,0.41,1.65,,,
SBB 13-9,2000-02-09,0.36,0.22,0.17,1.61,0.36,2.15,,,
SBB 13-10,2000-02-23,0.18,0.11,0.09,0.86,0.21,0.92,,,
SBB 13-11,2000-03-08,0.47,0.25,0.22,2.08,0.50,3.78,,,
SBB 13-12,2000-03-22,0.28,0.17,0.13,1.22,0.26,1.62,19.82,16.50,3.32
SBB 13-13,2000-04-05,0.35,0.20,0.21,1.87,0.26,2.70,,,
SBB 14-1 B,2000-04-20,3.06,1.63,1.62,12.39,2.14,30.31,283.63,223.24,60.39
SBB 14-2 B,2000-05-04,2.87,1.59,1.67,12.70,1.72,25.88,227.84,193.44,34.40
SBB 14-3 B,2000-05-18,2.29,1.22,1.11,8.48,1.18,24.70,152.09,121.16,30.94
SBB 14-4,2000-06-01,,,,,,,,,
SBB 14-5,2000-06-15,,,,,,,,,
SBB 14-6,2000-06-29,,,,,,,,,
SBB 14-7,2000-07-13,,,,,,,,,
SBB 14-8,2000-07-27,,,,,,,,,
SBB 14-9,2000-08-10,,,,,,,,,
SBB 14-10,2000-08-24,,,,,,,,,
SBB 14-11,2000-09-07,,,,,,,,,
SBB 14-12,2000-09-21,,,,,,,,,
SBB 14-13,2000-10-05,,,,,,,,,
SBB 15-1,2000-10-18,1.97,1.19,0.87,7.94,1.33,14.55,140.73,122.72,18.01
SBB 15-2,2000-11-01,2.08,1.44,0.78,7.06,1.44,9.98,161.72,145.42,16.30
SBB 15-3,2000-11-15,2.03,1.37,0.77,6.72,1.56,10.91,143.93,126.59,17.34
SBB 15-4,2000-11-29,2.22,1.57,0.71,6.83,1.30,11.28,171.36,152.52,18.85
SBB 15-5,2000-12-13,2.00,1.24,0.88,7.88,1.49,13.05,149.19,133.48,15.70
SBB 15-6,2000-12-27,1.73,1.22,0.61,5.60,1.14,8.22,131.89,118.46,13.43
SBB 15-7,2001-01-10,1.79,1.27,0.55,4.87,1.76,6.90,123.43,110.08,13.34
SBB 15-8,2001-01-24,1.63,1.07,0.57,5.18,1.77,8.00,116.70,101.45,15.25
SBB 15-9,2001-02-07,2.32,1.48,0.94,7.81,1.71,15.35,169.97,147.01,22.96
SBB 15-10,2001-02-21,1.47,1.04,0.47,4.26,1.05,7.14,96.31,84.91,11.40
SBB 15-11,2001-03-07,2.00,1.52,0.58,4.61,1.69,6.37,117.65,102.33,15.33
SBB 15-12,2001-03-21,0.99,0.73,0.35,2.69,0.79,3.84,79.69,70.56,9.14
SBB 15-13,2001-04-04,0.42,0.25,0.19,1.39,0.29,3.42,,,
SBB 16-1,,,,,,,,,,
SBB 16-2,,,,,,,,,,
SBB 16-3,,,,,,,,,,
SBB 16-4,,,,,,,,,,
SBB 16-5,,,,,,,,,,
SBB 16-6,,,,,,,,,,
SBB 16-7,,,,,,,,,,
SBB 16-8,,,,,,,,,,
SBB 16-9,,,,,,,,,,
SBB 16-10,,,,,,,,,,
SBB 16-11,,,,,,,,,,
SBB 16-12,,,,,,,,,,
SBB 16-13,,,,,,,,,,
SBB 17-1,2001-10-17,1.81,1.23,0.66,6.03,1.66,8.00,136.53,119.03,17.51
SBB 17-2,2001-10-31,2.19,1.59,0.63,6.60,1.68,8.15,164.83,143.84,20.99
SBB 17-3,2001-11-14,2.03,1.56,0.55,5.38,1.36,6.15,158.41,141.54,16.87
SBB 17-4,2001-11-28,1.79,1.25,0.55,5.39,1.92,6.69,184.65,164.35,20.29
SBB 17-5,2001-12-12,0.35,0.21,0.15,1.34,0.31,2.45,22.61,18.70,3.91
SBB 17-6,2001-12-26,,,,,,,,,
SBB 17-7,2002-01-09,,,,,,,,,
SBB 17-8,2002-01-23,,,,,,,,,
SBB 17-9,2002-02-06,,,,,,,,,
SBB 17-10,2002-02-20,,,,,,,,,
SBB 17-11,2002-03-06,,,,,,,,,
SBB 17-12,2002-03-20,,,,,,,,,
SBB 17-13,2002-04-03,,,,,,,,,
SBB 18-1,2002-04-18,2.31,1.23,1.36,9.52,0.92,24.71,135.34,111.62,23.72
SBB 18-2,2002-05-01,2.56,1.17,1.33,10.58,0.87,34.97,179.14,155.96,23.18
SBB 18-3,2002-05-15,3.33,1.60,1.71,14.45,1.54,40.92,271.45,233.80,37.64
SBB 18-4,2002-05-29,2.63,1.27,1.20,9.87,1.03,34.22,149.34,123.66,25.68
SBB 18-5,2002-06-12,1.33,0.81,1.11,7.51,0.82,7.80,93.52,78.52,15.01
SBB 18-6,2002-06-26,1.31,0.79,0.92,7.20,0.66,8.50,99.33,84.04,15.29
SBB 18-7,2002-07-10,2.81,1.26,1.77,16.39,2.32,29.45,185.66,154.02,31.63
SBB 18-8,2002-07-24,1.79,1.39,2.02,5.91,0.94,4.71,83.70,70.19,13.51
SBB 18-9,2002-08-07,1.38,0.90,1.19,6.60,0.99,6.45,69.37,55.36,14.01
SBB 18-10,2002-08-21,0.76,0.53,0.74,4.36,0.42,2.02,48.69,39.90,8.79
SBB 18-11,2002-09-04,0.56,0.43,0.90,2.11,0.27,1.35,19.80,16.50,3.30
SBB 18-12,2002-09-18,0.96,0.79,2.06,2.21,0.52,1.85,33.41,28.58,4.83
SBB 18-13,2002-10-02,2.30,1.72,0.75,7.25,1.64,6.90,137.61,120.92,16.69
SBB 19-1,2002-10-16,1.37,,,,,,95.20,82.84,12.36
SBB 19-2,2002-10-30,2.22,,,,,,134.96,116.78,18.17
SBB 19-3,2002-11-13,,,,,,,,,
SBB 19-4,2002-11-27,,,,,,,,,
SBB 19-5,2002-12-11,,,,,,,,,
SBB 19-6,2002-12-25,,,,,,,,,
SBB 19-7,2003-01-08,,,,,,,,,
SBB 19-8,2003-01-22,,,,,,,,,
SBB 19-9,2003-02-05,,,,,,,,,
SBB 19-10,2003-02-19,,,,,,,,,
SBB 19-11,2003-03-05,,,,,,,,,
SBB 19-12,2003-03-19,,,,,,,,,
SBB 19-13,2003-04-02,,,,,,,,,
SBB 20-1,2003-06-06,1.69,1.03,0.73,5.81,1.37,12.34,88.01,72.34,15.67
SBB 20-2,2003-06-13,2.49,1.51,1.08,8.20,3.15,14.85,132.55,111.54,21.01
SBB 20-3,2003-06-20,4.50,2.96,1.85,12.47,6.36,19.02,224.81,193.32,31.49
SBB 20-4,2003-06-27,3.64,2.23,1.44,11.95,4.84,20.33,180.91,150.94,29.98
SBB 20-5,2003-07-04,2.60,1.47,1.16,9.44,2.93,19.51,139.92,112.20,27.71
SBB 20-6,2003-07-11,4.39,2.74,1.66,14.61,3.92,29.40,221.52,184.67,36.85
SBB 20-7,2003-07-18,3.73,2.28,1.62,13.66,3.52,24.53,204.87,168.93,35.95
SBB 20-8,2003-07-25,2.82,1.67,1.49,13.52,2.88,16.04,140.80,108.00,32.80
SBB 20-9,2003-08-08,2.31,1.46,1.07,10.30,2.48,10.34,129.22,102.12,27.10
SBB 20-10,2003-08-22,3.47,1.94,1.63,14.26,4.73,22.39,193.95,158.32,35.63
SBB 20-11,2003-09-05,2.66,1.61,1.44,13.12,2.19,15.73,158.07,124.92,33.16
SBB 20-12,2003-09-19,2.56,1.68,1.16,11.19,2.29,11.23,237.08,212.70,24.39
SBB 20-13,2003-10-03,2.76,2.02,0.97,9.17,2.50,7.63,164.42,142.70,21.72
SBB 21-1,2003-10-15,2.65,1.53,1.08,10.86,1.95,21.30,141.04,117.20,23.84
SBB 21-2,2003-11-01,2.34,1.61,0.81,7.82,1.87,11.05,127.69,109.16,18.53
SBB 21-3,2003-11-18,2.26,1.17,0.77,7.57,2.06,23.46,126.11,109.19,16.92
SBB 21-4,2003-12-05,2.65,1.47,0.95,8.72,3.08,21.73,148.54,125.00,23.54
SBB 21-5,2003-12-22,2.14,1.33,0.86,8.36,2.59,10.95,117.46,93.85,23.62
SBB 21-6,2004-01-08,2.05,0.97,0.97,10.60,1.77,20.81,137.77,115.64,22.13
SBB 21-7,2004-01-25,1.68,0.58,0.67,7.13,1.66,25.46,87.70,72.92,14.78
SBB 21-8,2004-02-11,1.23,0.81,0.68,7.70,1.29,2.06,71.76,58.58,13.18
SBB 21-9,2004-02-28,3.72,2.57,1.72,25.35,3.24,2.33,242.59,203.48,39.11
SBB 21-10,2004-03-16,1.92,1.46,0.79,7.44,1.86,1.84,114.77,97.63,17.13
SBB 21-11,2004-04-02,1.25,0.93,0.62,6.22,0.97,1.25,70.52,57.43,13.09
SBB 21-12,2004-04-19,0.10,0.08,0.08,0.65,0.06,,,,
SBB 21-13,2004-05-06,0.08,0.06,0.05,0.40,0.04,0.12,,,
SBB 22-1,2004-06-11,4.44,2.71,1.93,15.26,3.58,32.40,225.62,185.21,40.42
SBB 22-2,2004-06-18,4.48,2.72,1.94,14.75,5.67,26.72,342.36,296.82,45.54
SBB 22-3,2004-06-25,4.03,2.65,1.65,11.14,5.68,17.00,238.29,202.22,36.08
SBB 22-4,2004-07-02,,,,,,,,,
SBB 22-5,2004-07-09,0.25,0.14,0.11,0.92,0.28,1.90,,,
SBB 22-6,2004-07-16,0.08,0.05,0.03,0.27,0.07,0.54,,,
SBB 22-7,2004-07-23,0.12,0.07,0.05,0.43,0.11,0.77,,,
SBB 22-8,2004-07-30,0.22,0.13,0.12,1.05,0.22,1.25,,,
SBB 22-9,2004-08-06,0.05,0.03,0.02,0.23,0.05,0.23,,,
SBB 22-10,2004-08-20,0.14,0.08,0.07,0.58,0.19,0.91,,,
SBB 22-11,2004-09-03,0.59,0.36,0.32,2.93,0.49,3.51,28.43,19.22,9.21
SBB 22-12,2004-09-17,0.02,0.01,0.01,0.07,0.01,0.07,,,
SBB 22-13,2004-10-01,0.05,0.03,0.02,0.15,0.04,0.12,,,
SBB 23-1,2004-10-27,1.46,0.89,0.63,5.00,1.18,10.62,118.89,99.41,19.48
SBB 23-2,2004-11-10,2.10,1.28,0.91,6.93,2.66,12.55,148.21,127.84,20.37
SBB 23-3,2004-11-24,1.12,0.73,0.46,3.09,1.58,4.72,71.90,58.67,13.23
SBB 23-4,2004-12-08,1.46,0.89,0.58,4.79,1.94,8.15,90.35,74.99,15.36
SBB 23-5,2004-12-22,1.75,0.99,0.78,6.37,1.97,13.16,107.12,94.09,13.03
SBB 23-6,2005-01-05,,,,,,,,,
SBB 23-7,2005-01-19,,,,,,,,,
SBB 23-8,2005-02-02,,,,,,,,,
SBB 23-9,2005-02-16,,,,,,,,,
SBB 23-10,2005-03-02,,,,,,,,,
SBB 23-11,2005-03-16,,,,,,,,,
SBB 23-12,2005-03-30,,,,,,,,,
SBB 23-13,2005-04-13,,,,,,,,,
SBB 24-1,2005-04-21,2.09,1.12,0.83,7.43,1.14,22.52,136.88,115.24,21.64
SBB 24-2,2005-05-05,0.03,0.03,0.02,0.15,0.03,,,,
SBB 24-3,2005-05-19,0.08,0.06,0.04,0.34,0.06,,,,
SBB 24-4,2005-06-02,0.35,0.17,0.17,1.44,0.25,4.02,12.71,8.65,4.06
SBB 24-5,2005-06-16,0.08,0.06,0.04,0.36,0.06,,,,
SBB 24-6,2005-06-30,0.03,0.02,0.01,0.12,0.02,,,,
SBB 24-7,2005-07-14,,,,,,,,,
SBB 24-8,2005-07-28,0.17,0.08,0.08,0.68,0.10,2.14,6.63,4.77,1.86
SBB 24-9,2005-08-11,0.04,0.03,0.02,0.19,0.03,,,,
SBB 24-10,2005-08-25,,,,,,,,,
SBB 24-11,2005-09-08,0.35,0.22,0.16,1.44,0.17,2.26,18.59,13.59,5.00
SBB 24-12,2005-09-22,1.30,0.85,0.47,4.53,0.60,9.20,58.34,46.65,11.69
SBB 24-13,2005-10-06,1.73,1.21,0.63,5.79,0.86,9.13,81.20,66.01,15.19
SBB 25-1,2005-10-21,2.27,1.69,0.79,7.78,1.38,7.14,154.96,130.77,24.18
SBB 25-2,2005-11-07,1.70,1.11,0.90,8.87,1.03,7.86,147.42,124.62,22.80
SBB 25-3,2005-11-25,2.33,1.63,1.09,11.27,1.36,7.87,187.90,152.37,35.52
SBB 25-4,2005-12-12,3.77,3.02,1.00,10.60,1.99,8.32,244.40,209.09,35.31
SBB 25-5,2005-12-30,1.27,0.83,0.59,5.40,0.78,7.26,96.73,71.49,25.24
SBB 25-6,2006-01-16,2.95,2.17,0.97,8.98,1.53,12.91,178.56,154.70,23.85
SBB 25-7,2006-02-03,2.46,1.71,0.81,7.53,2.10,11.10,152.61,127.86,24.75
SBB 25-8,2006-02-20,2.86,1.94,1.16,10.63,1.82,14.68,237.63,235.62,2.01
SBB 25-9,2006-03-10,1.41,0.84,0.69,6.37,0.85,10.48,106.45,71.74,34.71
SBB 25-10,2006-03-27,1.85,1.11,0.84,7.25,1.36,13.67,120.47,94.32,26.15
SBB 25-11,2006-04-14,2.15,1.13,1.19,10.29,1.45,20.19,187.57,127.16,60.40
SBB 25-12,2006-05-01,2.25,1.09,1.54,13.91,1.35,21.69,235.73,177.25,58.48
SBB 25-13,2006-05-19,1.62,1.04,0.96,8.43,1.11,7.65,141.61,112.58,29.03
SBB 26-1,2006-06-07,3.83,2.08,2.00,19.08,2.19,34.15,250.33,167.02,83.31
SBB 26-2,2006-06-14,2.22,0.88,1.21,11.19,1.76,29.29,143.37,107.47,35.90
SBB 26-3,2006-06-21,1.99,1.10,0.90,8.49,1.36,17.68,126.96,77.89,49.07
SBB 26-4,2006-06-28,2.09,1.13,1.08,10.19,1.85,16.63,98.84,64.45,34.39
SBB 26-5,2006-07-05,4.18,2.86,1.62,15.87,2.87,19.84,239.86,180.15,59.71
SBB 26-6,2006-07-12,2.43,1.42,1.24,11.82,2.11,15.81,119.94,84.71,35.22
SBB 26-7,2006-07-19,3.82,2.24,2.12,19.29,3.10,24.63,213.27,144.65,68.62
SBB 26-8,2006-07-26,2.15,0.96,1.15,10.57,1.65,25.21,130.73,84.91,45.82
SBB 26-9,2006-08-09,1.46,0.84,0.68,6.38,1.17,10.91,83.53,57.46,26.07
SBB 26-10,2006-08-23,1.55,0.77,0.70,6.38,0.99,17.24,71.37,47.95,23.42
SBB 26-11,2006-09-06,2.15,1.11,1.09,9.93,1.28,21.82,119.15,73.71,45.44
SBB 26-12,2006-09-20,1.42,0.82,0.86,7.69,0.94,9.72,115.31,74.99,40.33
SBB 26-13,2006-10-04,1.48,0.87,0.66,6.82,1.01,10.75,81.29,56.98,24.31
SBB 27-1,2006-10-18,2.15,1.48,0.81,8.78,1.48,9.15,108.25,85.45,22.80
SBB 27-2,2006-11-05,2.58,1.88,0.82,8.41,2.08,8.67,133.97,110.79,23.18
SBB 27-3,2006-11-23,1.97,1.30,0.84,7.97,2.01,8.21,112.01,94.67,17.33
SBB 27-4,2006-12-11,4.29,3.34,0.94,9.95,2.68,13.74,197.42,176.48,20.94
SBB 27-5,2006-12-29,4.27,3.34,1.03,9.78,2.93,12.40,232.36,195.55,36.81
SBB 27-6,2007-01-16,2.24,1.60,0.67,6.46,1.52,10.33,113.74,90.73,23.00
SBB 27-7,2007-02-03,,,,,,,,,
SBB 27-8,2007-02-21,1.12,0.64,0.49,4.53,0.85,9.43,77.64,59.62,18.02
SBB 27-9,2007-03-11,2.23,0.65,1.22,11.64,0.94,40.46,166.00,122.89,43.11
SBB 27-10,2007-03-29,1.89,0.96,0.76,7.04,1.15,21.51,157.15,120.65,36.49
SBB 27-11,2007-04-16,1.63,0.88,0.57,5.01,0.70,19.05,69.40,48.46,20.93
SBB 27-12,2007-05-04,0.40,0.16,0.17,1.43,0.14,6.58,10.39,6.14,4.25
SBB 27-13,2007-05-22,0.07,0.04,0.05,0.43,0.02,0.45,,,
SBB 28-1,2007-06-13,2.99,0.84,1.77,14.29,3.23,49.57,156.94,104.92,52.01
SBB 28-2,2007-06-23,2.91,1.25,1.78,14.00,2.39,35.58,192.39,128.04,64.35
SBB 28-3,2007-07-03,2.51,1.07,1.30,11.03,1.63,33.78,99.96,65.57,34.39
SBB 28-4,2007-07-13,1.61,0.75,0.90,7.91,1.65,16.39,85.77,54.95,30.82
SBB 28-5,2007-07-23,,,,,,,,,
SBB 28-6,2007-08-02,2.52,1.45,1.18,11.02,2.58,17.11,125.29,90.82,34.47
SBB 28-7,2007-08-12,,,,,,,,,
SBB 28-8,2007-08-22,,,,,,,,,
SBB 28-9,2007-09-01,1.45,0.66,0.80,7.04,1.21,16.02,78.19,63.22,14.97
SBB 28-10,2007-09-11,1.15,0.61,0.86,7.06,0.91,8.63,90.84,63.74,27.10
SBB 28-11,2007-09-21,1.42,0.91,0.58,5.31,1.16,8.40,74.68,52.21,22.47
SBB 28-12,2007-10-01,1.91,1.18,1.09,9.37,1.51,10.57,127.30,90.03,37.27
SBB 28-13,2007-10-08,1.69,1.08,0.81,6.83,1.48,9.33,98.09,74.94,23.15
SBB 29-1,2007-11-01,2.61,1.89,0.76,6.92,1.83,11.63,151.35,124.97,26.38
SBB 29-2,2007-11-18,1.48,0.98,0.62,5.55,1.58,6.13,95.02,72.22,22.79
SBB 29-3,2007-12-05,2.51,1.85,0.77,6.65,2.20,8.70,170.01,135.87,34.14
SBB 29-4,2007-12-22,2.53,1.85,0.78,6.81,2.01,9.49,148.29,129.81,18.48
SBB 29-5,2008-01-08,2.66,2.05,0.84,7.62,1.99,6.52,151.64,127.99,23.65
SBB 29-6,2008-01-25,2.01,1.38,0.75,6.64,1.94,8.31,115.23,90.76,24.47
SBB 29-7,2008-02-11,2.46,1.64,0.89,8.17,1.66,14.32,148.73,116.65,32.09
SBB 29-8,2008-02-28,1.25,0.85,0.51,4.94,0.99,5.59,71.47,56.69,14.78
SBB 29-9,2008-03-16,1.16,0.71,0.53,4.65,0.98,7.79,68.42,50.36,18.06
SBB 29-10,2008-04-02,2.55,1.05,1.29,11.09,1.68,35.79,135.23,100.32,34.91
SBB 29-11,2008-04-19,1.98,0.49,1.43,12.27,1.07,36.09,135.06,91.92,43.14
SBB 29-12,2008-05-06,2.22,1.13,1.10,9.67,1.39,23.52,159.89,127.14,32.74
SBB 29-13,2008-05-23,1.86,0.99,0.97,8.27,1.23,17.58,133.31,110.86,22.45
SBB 30-1,2008-06-06,6.55,5.39,2.77,24.69,3.91,86.64,335.25,225.49,109.76
SBB 30-2,2008-06-13,4.86,3.97,2.05,18.63,3.34,44.65,248.96,189.21,59.75
SBB 30-3,2008-06-20,5.11,3.91,2.56,23.82,4.66,37.06,320.48,215.93,104.55
SBB 30-4,2008-06-27,6.79,5.52,2.65,25.19,5.17,37.33,376.54,292.99,83.55
SBB 30-5,2008-07-04,4.07,3.23,1.56,15.16,3.73,22.86,202.68,147.17,55.51
SBB 30-6,2008-07-11,3.75,3.08,1.27,12.61,2.90,17.18,184.16,145.47,38.69
SBB 30-7,2008-07-18,1.02,0.83,0.33,3.26,0.72,4.06,49.03,43.76,5.27
SBB 30-8,2008-08-01,0.94,0.77,0.30,2.95,0.73,3.80,42.12,33.68,8.44
SBB 30-9,2008-08-15,0.68,0.54,0.25,2.27,0.64,3.10,34.52,23.23,11.29
SBB 30-10,2008-08-29,0.86,0.67,0.35,3.15,0.91,3.97,48.50,31.73,16.77
SBB 30-11,2008-09-12,0.53,0.39,0.22,1.99,0.61,2.19,27.02,17.44,9.58
SBB 30-12,2008-09-26,0.51,0.36,0.22,2.04,0.71,3.66,23.73,17.59,6.13
SBB 30-13,2008-10-10,1.54,1.15,0.77,6.58,1.82,12.09,76.29,48.92,27.37
SBB 31-1,2009-04-21,1.90,1.77,0.91,6.85,1.36,10.56,101.03,77.92,23.11
SBB 31-2,2009-05-03,2.02,1.88,0.86,6.55,1.43,18.77,90.44,63.48,26.97
SBB 31-3,2009-05-15,4.24,4.05,1.87,14.37,1.90,95.57,133.39,89.82,43.57
SBB 31-4,2009-05-27,3.03,2.82,1.55,12.20,2.15,41.48,127.58,89.97,37.60
SBB 31-5,2009-06-08,2.07,1.91,0.92,7.82,1.59,17.33,103.71,74.70,29.01
SBB 31-6,2009-06-20,1.90,1.75,0.93,7.81,1.48,20.53,88.74,56.58,32.16
SBB 31-7,2009-07-02,1.05,0.94,0.52,4.28,1.08,9.00,47.82,34.47,13.34
SBB 31-8,2009-07-14,2.03,1.87,1.16,9.00,1.59,33.05,79.91,46.79,33.12
SBB 31-9,2009-07-26,2.71,2.51,1.36,14.91,2.01,31.82,133.50,99.84,33.66
SBB 31-10,2009-08-07,0.80,0.74,0.43,3.28,0.56,7.49,38.31,21.94,16.36
SBB 31-11,2009-08-19,1.21,1.11,0.73,5.82,0.98,9.00,58.79,41.45,17.34
SBB 31-12,2009-08-31,1.17,1.09,0.77,5.32,0.82,9.83,53.00,38.30,14.70
SBB 31-13,2009-09-12,1.83,1.69,1.03,8.27,1.46,13.56,96.73,70.23,26.50
SBB 32-1 B,2009-09-25,1.91,1.60,0.65,5.64,1.37,10.41,139.18,110.05,29.13
SBB 32-2 B,2009-10-12,2.19,1.80,0.83,7.56,1.63,11.97,185.86,133.99,51.87
SBB 32-3 B,2009-10-29,1.88,1.49,0.81,7.42,1.64,12.25,157.79,125.77,32.02
SBB 32-4 B,2009-11-15,1.21,0.94,0.56,4.92,1.17,8.78,114.21,85.00,29.21
SBB 32-5 B,2009-12-02,2.51,2.06,0.86,7.95,2.16,15.10,200.49,164.32,36.17
SBB 32-6 B,2009-12-19,2.18,1.75,0.67,6.64,2.30,10.30,164.69,132.33,32.36
SBB 32-7 B,2010-01-05,1.57,1.29,0.51,4.52,1.44,6.56,125.17,108.63,16.53
SBB 32-8 B,2010-01-22,1.69,1.33,0.61,5.31,1.95,9.27,148.54,123.66,24.88
SBB 32-9 B,2010-02-08,1.77,1.42,0.71,5.43,1.89,9.67,138.96,110.20,28.76
SBB 32-10 B,2010-02-25,2.48,2.03,0.81,7.73,2.20,13.07,173.68,148.26,25.42
SBB 32-11 B,2010-03-14,2.31,2.00,0.62,5.87,1.34,11.29,170.29,142.08,28.21
SBB 32-12 B,2010-03-31,0.18,0.15,0.07,0.63,0.11,1.58,20.54,14.94,5.61
SBB 32-13 B,2010-04-17,,,,,,,,,
SBB 33-1 B,2010-04-03,,,,,,,,,
SBB 33-2 B,2010-04-17,,,,,,,,,
SBB 33-3 B,2010-05-01,,,,,,,,,
SBB 33-4 B,2010-05-15,,,,,,,,,
SBB 33-5 B,2010-05-29,,,,,,,,,
SBB 33-6 B,2010-06-12,,,,,,,,,
SBB 33-7 B,2010-06-26,,,,,,,,,
SBB 33-8 B,2010-07-10,,,,,,,,,
SBB 33-9 B,2010-07-24,,,,,,,,,
SBB 33-10 B,2010-08-07,,,,,,,,,
SBB 33-11 B,2010-08-21,,,,,,,,,
SBB 33-12 B,2010-09-04,,,,,,,,,
SBB 33-13 B,2010-09-18,,,,,,,,,
SBB 34-1,2010-10-08,2.37,1.77,1.22,10.58,2.85,33.57,261.16,254.87,6.28
SBB 34-2,2010-10-23,1.14,0.81,0.72,6.21,1.42,17.77,195.74,165.18,30.56
SBB 34-3,2010-11-07,1.84,1.32,0.94,8.28,2.74,32.22,149.49,116.06,33.42
SBB 34-4,2010-11-22,1.53,1.15,0.90,7.41,1.54,24.96,130.74,102.54,28.20
SBB 34-5,2010-12-07,2.53,1.95,1.34,12.89,1.90,63.54,217.86,168.85,49.01
SBB 34-6,2010-12-22,1.38,1.12,0.53,5.39,0.95,14.69,116.15,117.02,-0.87
SBB 34-7,2011-01-06,1.41,1.06,0.62,6.16,1.58,16.85,149.45,123.39,26.05
SBB 34-8,2011-01-21,2.23,1.59,1.02,10.77,3.18,0.00,196.51,170.72,25.80
SBB 34-9,2011-02-05,1.48,1.07,0.70,6.45,2.19,22.20,116.77,90.12,26.64
SBB 34-10,2011-02-20,0.92,0.67,0.38,4.10,1.30,16.89,79.58,60.42,19.16
SBB 34-11,2011-03-07,0.24,0.17,0.11,0.95,0.36,5.18,,,
SBB 34-12,2011-03-22,,,,,,,,,
SBB 34-13,2011-04-06,0.26,0.21,0.13,1.08,0.26,6.77,,,
SBB 35-1,2011-05-06,1.66,1.22,0.57,6.11,,9.07,85.84,68.25,17.60
SBB 35-2,2011-05-18,1.44,1.01,0.72,6.91,,7.92,108.05,80.38,27.67
SBB 35-3,2011-05-30,3.05,2.46,1.21,12.11,,8.16,243.73,190.94,52.79
SBB 35-4,2011-06-11,2.79,1.96,1.28,12.60,,15.81,167.50,139.13,28.37
SBB 35-5,2011-06-23,0.78,0.52,0.65,5.29,,3.31,38.01,30.19,7.82
SBB 35-6,2011-07-05,1.18,0.89,0.61,5.69,,4.29,65.41,57.16,8.26
SBB 35-7,2011-07-17,,,,,,,,,
SBB 35-8,2011-07-29,,,,,,,,,
SBB 35-9,2011-08-10,,,,,,,,,
SBB 35-10,2011-08-22,,,,,,,,,
SBB 35-11,2011-09-03,,,,,,,,,
SBB 35-12,2011-09-15,,,,,,,,,
SBB 35-13,2011-09-27,,,,,,,,,
SBB 36-1,2011-10-28,2.01,1.25,0.77,9.87,2.28,8.66,142.64,117.03,25.60
SBB 36-2,2011-11-13,1.99,1.27,0.83,7.60,2.60,8.50,120.51,101.11,19.40
SBB 36-3,2011-11-29,1.49,0.90,0.63,5.69,1.82,8.27,95.07,73.13,21.94
SBB 36-4,2011-12-15,1.55,0.99,0.62,5.36,1.83,7.62,103.24,80.79,22.45
SBB 36-5,2011-12-31,1.83,1.36,0.75,6.44,2.77,0.00,142.83,116.65,26.18
SBB 36-6,2012-01-16,1.55,1.03,0.61,5.36,1.61,6.94,133.64,119.58,14.05
SBB 36-7,2012-02-01,2.25,1.52,0.91,7.82,2.45,9.17,148.19,123.21,24.97
SBB 36-8,2012-02-17,0.76,0.48,0.35,2.92,0.85,3.75,61.84,51.94,9.91
SBB 36-9,2012-03-04,0.33,0.16,0.28,2.21,0.41,2.27,37.24,31.67,5.57
SBB 36-10,2012-03-20,0.97,0.67,0.51,4.35,0.68,3.57,53.48,33.89,19.59
SBB 36-11,2012-04-05,0.10,0.04,0.05,0.46,0.06,1.14,3.54,2.27,1.27
SBB 36-12,2012-04-21,0.04,0.03,0.01,0.19,0.06,0.00,,,
SBB 36-13,2012-05-07,0.04,0.03,0.00,0.03,0.05,0.00,,,
SBB 37-1,2012-06-22,2.15,1.39,0.91,7.98,1.46,13.48,166.52,134.98,31.54
SBB 37-2,2012-07-01,2.55,1.77,0.98,7.80,1.52,13.92,184.90,152.62,32.28
SBB 37-3,2012-07-11,,,,,,,,,
SBB 37-4,2012-07-20,,,,,,,,,
SBB 37-5,2012-07-30,,,,,,,,,
SBB 37-6,2012-08-08,,,,,,,,,
SBB 37-7,2012-08-18,,,,,,,,,
SBB 37-8,2012-08-27,,,,,,,,,
SBB 37-9,2012-09-06,,,,,,,,,
SBB 37-10,2012-09-15,,,,,,,,,
SBB 37-11,2012-09-25,,,,,,,,,
SBB 37-12,2012-10-04,,,,,,,,,
SBB 37-13,2012-10-14,,,,,,,,,
SBB 38-1,2013-06-18,1.46,0.84,0.90,6.71,1.08,11.06,88.32,61.93,26.38
SBB 38-2,2013-06-27,4.93,2.82,2.99,21.32,3.79,38.94,278.58,187.50,91.08
SBB 38-3,2013-07-07,4.09,2.53,2.08,16.70,3.02,26.90,236.56,171.15,65.41
SBB 38-4,2013-07-16,3.53,2.23,1.69,13.60,2.68,22.44,199.98,150.29,49.69
SBB 38-5,2013-07-26,4.08,2.46,2.62,18.27,2.85,28.03,194.42,140.51,53.91
SBB 38-6,2013-08-05,3.29,2.16,2.20,14.12,2.15,17.32,221.13,145.19,75.94
SBB 38-7,2013-08-14,2.36,1.52,1.41,10.03,1.95,12.12,139.21,93.35,45.87
SBB 38-8,2013-08-24,2.44,1.48,1.50,10.27,1.68,17.11,120.90,82.69,38.21
SBB 38-9,2013-09-02,2.77,2.09,1.08,7.66,1.70,9.81,160.60,117.78,42.82
SBB 38-10,2013-09-12,1.20,0.77,0.82,5.12,0.77,6.94,71.85,46.43,25.42
SBB 38-11,2013-09-22,1.27,0.78,1.26,7.71,0.60,6.87,97.69,62.08,35.62
SBB 38-12,2013-10-01,0.73,0.49,0.42,2.88,0.48,3.57,47.75,31.91,15.84
SBB 38-13,2013-10-11,0.96,0.63,0.66,4.52,0.65,4.80,66.86,42.35,24.50
SBB 39-1,2013-10-23,1.00,0.70,0.42,3.63,0.68,4.23,63.00,47.51,15.48
SBB 39-2,2013-11-08,0.90,0.67,0.29,2.64,0.66,2.98,56.79,44.98,11.81
SBB 39-3,2013-11-24,0.70,0.50,0.24,2.14,0.62,2.71,46.52,33.53,12.99
SBB 39-4,2013-12-10,1.59,1.28,0.33,3.07,0.88,4.55,89.25,84.80,4.45
SBB 39-5,2013-12-26,1.15,0.89,0.31,2.84,0.85,3.36,66.74,62.46,4.27
SBB 39-6,2014-01-11,0.63,0.48,0.18,1.73,0.58,1.42,41.04,28.61,12.43
SBB 39-7,2014-01-27,0.55,0.41,0.19,1.71,0.44,1.56,34.34,26.03,8.32
SBB 39-8,2014-02-12,0.76,0.55,0.25,2.25,0.46,3.30,54.07,41.55,12.53
SBB 39-9,2014-02-28,1.49,1.05,0.55,4.42,0.86,7.85,95.27,75.56,19.71
SBB 39-10,2014-03-16,0.69,0.45,0.28,2.43,0.84,2.70,60.37,40.42,19.96
SBB 39-11,2014-04-01,0.58,0.32,0.27,2.19,0.50,4.99,41.51,28.96,12.55
SBB 39-12,2014-04-17,2.02,1.15,0.94,7.86,1.40,17.54,160.67,118.11,42.56
SBB 39-13,2014-05-03,1.00,0.54,0.50,3.99,0.55,10.32,74.62,52.33,22.29
SBB 40-1,2014-05-24,3.00,1.85,1.42,11.67,0.89,25.12,144.91,109.87,35.04
SBB 40-2,2014-06-04,2.74,1.61,1.29,11.14,1.30,23.83,126.79,94.73,32.06
SBB 40-3,2014-06-16,3.88,2.37,1.84,16.23,1.75,30.30,189.96,138.57,51.39
SBB 40-4,2014-06-27,3.12,2.01,1.49,13.68,1.51,19.72,161.20,119.02,42.18
SBB 40-5,2014-07-09,2.50,1.63,1.27,11.39,1.68,12.73,128.03,96.28,31.75
SBB 40-6,2014-07-20,2.67,1.61,1.33,12.05,1.90,18.26,142.53,111.20,31.33
SBB 40-7,2014-08-01,2.17,1.38,0.98,8.70,1.13,14.71,105.60,80.35,25.26
SBB 40-8,2014-08-12,1.40,0.71,0.54,4.87,0.73,16.77,69.96,48.24,21.73
SBB 40-9,2014-08-24,1.52,1.01,1.00,8.96,0.78,5.94,69.97,49.64,20.33
SBB 40-10,2014-09-04,2.01,1.39,0.82,7.51,1.35,9.55,102.77,84.64,18.13
SBB 40-11,2014-09-16,1.70,1.15,0.72,6.58,1.20,8.23,86.97,66.77,20.21
SBB 40-12,2014-09-27,1.59,1.16,0.62,5.64,1.01,5.57,79.79,60.11,19.68
SBB 40-13,2014-10-09,1.90,1.61,0.63,5.74,1.12,0.00,89.08,68.61,20.46
SBB 41-1,2014-12-18,2.38,1.85,0.79,7.08,1.91,4.40,105.53,83.88,21.65
SBB 41-2,2014-12-31,1.69,1.29,0.61,6.54,1.26,2.80,91.33,82.22,9.11
SBB 41-3,2015-01-13,1.24,0.87,0.47,4.22,1.34,3.92,56.89,45.04,11.85
SBB 41-4,2015-01-26,1.21,0.85,0.48,4.61,1.41,2.89,60.92,43.00,17.92
SBB 41-5,2015-02-08,0.88,0.62,0.36,3.39,1.25,1.50,44.88,31.81,13.06
SBB 41-6,2015-02-21,0.95,0.66,0.42,3.80,1.25,1.70,49.25,36.81,12.43
SBB 41-7,2015-03-06,0.67,0.42,0.33,2.91,0.86,2.63,35.58,25.61,9.97
SBB 41-8,2015-03-19,1.16,0.75,0.57,5.13,1.11,5.11,50.12,32.60,17.52
SBB 41-9,2015-04-01,0.85,0.57,0.41,3.49,0.56,4.41,44.26,31.00,13.26
SBB 41-10,2015-04-14,1.08,0.69,0.56,4.37,0.31,8.08,35.04,24.41,10.63
SBB 41-11,2015-04-27,0.03,0.02,0.03,0.20,0.02,0.00,,,
SBB 41-12,2015-05-10,0.05,0.04,0.04,0.28,0.03,0.00,1.96,1.59,0.36
SBB 41-13,2015-05-23,0.43,0.31,0.22,1.75,0.23,1.67,17.00,11.04,5.96
SBB 42-1,2015-06-04,3.70,2.64,1.52,12.11,2.36,16.11,193.37,136.56,56.81
SBB 42-2,2015-06-14,2.89,1.82,1.90,13.31,2.80,14.19,188.02,110.63,77.39
SBB 42-3,2015-06-24,2.85,1.57,1.96,14.46,1.80,23.86,151.61,81.09,70.52
SBB 42-4,2015-07-04,0.09,0.05,0.08,0.61,0.02,0.68,5.25,2.63,2.62
SBB 42-5,2015-07-14,0.00,,,,,,,,
SBB 42-6,2015-07-24,,,,,,,,,
SBB 42-7,2015-08-03,0.01,,,,,,,,
SBB 42-8,2015-08-13,0.00,,,,,,,,
SBB 42-9,2015-08-23,0.23,0.13,0.17,1.28,0.12,1.72,11.86,7.73,4.13
SBB 42-10,2015-09-02,1.40,0.90,0.73,5.97,0.44,9.87,56.63,34.62,22.01
SBB 42-11,2015-09-12,0.04,0.03,0.04,0.38,0.01,0.26,,,
SBB 42-12,2015-09-22,0.00,,,,,,,,
SBB 42-13,2015-10-02,0.00,,,,,,,,
SBB 43-1,2015-10-14,1.89,1.38,0.70,6.10,1.50,6.06,88.89,74.55,14.34
SBB 43-2,2015-10-30,1.29,0.88,0.74,5.81,1.04,4.92,80.85,54.13,26.72
SBB 43-3,2015-11-16,2.68,2.12,0.69,5.76,1.75,7.72,151.66,121.13,30.53
SBB 43-4,2015-12-02,3.95,3.21,0.97,8.79,2.26,8.68,186.77,158.18,28.59
SBB 43-5,2015-12-19,0.00,,,,,0.00,,,
SBB 43-6,2016-01-04,1.90,1.26,0.84,7.00,1.94,8.40,113.04,81.55,31.48
SBB 43-7,2016-01-21,1.64,1.10,0.64,5.33,2.05,6.17,87.40,69.03,18.37
SBB 43-8,2016-02-06,3.93,2.99,0.97,8.69,4.16,9.51,210.55,159.81,50.74
SBB 43-9,2016-02-23,1.79,1.34,0.54,5.15,1.76,4.19,98.91,71.56,27.35
SBB 43-10,2016-03-10,1.53,1.03,0.54,5.00,1.77,6.09,76.72,55.70,21.03
SBB 43-11,2016-03-27,1.59,0.93,0.68,6.27,1.33,11.85,73.03,47.85,25.18
SBB 43-12,2016-04-12,1.75,1.01,1.01,8.01,0.98,14.38,94.92,72.16,22.76
SBB 43-13,2016-04-29,0.79,0.49,0.37,3.09,0.64,5.25,42.08,31.77,10.31
SBB 44-1,2016-05-18,2.29,1.43,0.89,7.88,1.92,15.19,268.45,247.71,20.74
SBB 44-2,2016-06-01,2.75,1.68,1.21,10.82,2.01,19.36,366.31,305.60,60.71
SBB 44-3,2016-06-15,2.88,1.66,1.28,11.46,2.42,22.72,292.84,243.41,49.43
SBB 44-4,2016-06-29,4.38,2.73,1.70,14.71,2.25,35.06,341.57,296.15,45.42
SBB 44-5,2016-07-13,1.61,1.01,0.77,6.59,1.38,9.51,240.67,197.88,42.79
SBB 44-6,2016-07-27,2.48,1.63,1.33,12.27,1.58,11.45,310.26,87.20,223.06
SBB 44-7,2016-08-10,1.93,1.20,1.07,10.35,1.24,10.76,285.01,166.27,118.73
SBB 44-8,2016-08-24,1.83,1.18,0.90,8.39,0.86,11.02,342.92,343.21,-0.29
SBB 44-9,2016-09-07,2.01,1.37,0.88,7.84,1.09,10.47,317.31,279.65,37.66
SBB 44-10,2016-09-21,2.31,1.51,1.15,11.60,1.41,11.04,361.36,335.79,25.57
SBB 44-11,2016-10-05,1.63,1.03,0.81,8.19,1.10,8.80,270.15,237.65,32.50
SBB 44-12,2016-10-19,0.64,0.39,0.30,2.77,0.43,4.26,219.87,206.70,13.16
SBB44-13,,,,,,,,,,
SBB 45-1,2016-10-27,1.84,1.24,0.85,7.92,1.63,6.95,101.17,63.12,38.06
SBB 45-2,2016-11-11,2.35,1.51,1.14,10.91,1.70,12.22,118.37,84.93,33.44
SBB 45-3,2016-11-26,2.00,1.28,1.04,8.54,2.27,8.57,115.63,78.73,36.89
SBB 45-4,2016-12-11,2.17,1.51,0.89,8.40,1.64,8.55,113.10,85.85,27.25
SBB 45-5,2016-12-26,1.88,1.49,0.67,6.22,1.48,2.11,105.50,82.28,23.22
SBB 45-6,2017-01-10,1.58,1.05,0.60,5.20,2.04,5.91,89.81,64.81,25.00
SBB 45-7,2017-01-25,3.30,2.08,1.34,11.44,5.19,12.67,189.28,140.50,48.77
SBB 45-8,2017-02-09,1.55,1.04,0.67,5.61,1.84,5.60,93.21,71.53,21.69
SBB 45-9,2017-02-24,1.22,0.76,0.79,5.71,1.48,5.03,77.22,52.69,24.53
SBB 45-10,2017-03-11,2.66,1.38,1.78,14.94,2.02,22.40,156.14,121.81,34.33
SBB 45-11,2017-03-26,1.01,0.71,0.33,2.78,0.81,4.95,63.27,42.37,20.91
SBB 45-12,2017-04-10,1.89,0.89,1.51,11.10,1.09,19.81,135.69,66.34,69.34
SBB 45-13,2017-04-25,0.37,0.19,0.39,2.74,0.31,2.61,26.39,14.79,11.60
SBB 46-1,2017-05-11,3.65,1.62,1.75,14.86,1.77,50.14,155.01,100.85,54.16
SBB 46-2,2017-05-24,4.39,1.99,2.56,20.69,2.47,54.45,196.37,119.11,77.27
SBB 46-3,2017-06-06,2.80,1.71,1.25,10.89,1.76,21.14,129.39,95.85,33.54
SBB 46-4,2017-06-19,2.55,1.47,1.24,10.47,1.59,21.75,116.41,81.45,34.96
SBB 46-5,2017-07-02,2.35,1.34,1.21,10.02,1.25,20.67,108.57,74.39,34.18
SBB 46-6,2017-07-15,1.06,0.54,0.98,7.25,0.59,8.53,78.12,39.29,38.82
SBB 46-7,2017-07-28,1.47,0.80,0.84,6.95,0.99,12.67,80.00,52.78,27.22
SBB 46-8,2017-08-10,1.09,0.58,0.98,7.29,0.68,7.64,80.07,39.74,40.34
SBB 46-9,2017-08-23,1.16,0.65,0.71,6.04,1.08,7.82,65.15,43.27,21.88
SBB 46-10,2017-09-05,0.83,0.41,1.18,7.80,0.49,4.93,81.07,31.87,49.20
SBB 46-11,2017-09-18,1.18,0.68,0.70,5.66,0.74,9.29,63.28,40.86,22.42
SBB 46-12,2017-10-01,1.47,0.89,0.97,8.38,0.91,8.51,86.45,59.57,26.87
SBB 46-13,2017-10-14,4.00,2.55,2.47,21.57,2.50,19.71,230.99,170.24,60.75
SBB 47-1,2017-11-04,1.62,1.07,0.73,6.94,0.86,9.01,160.54,132.12,28.42
SBB 47-2,2017-11-18,1.77,1.12,0.71,6.79,1.24,11.27,330.55,279.95,50.60
SBB 47-3,2017-12-02,2.60,1.77,0.92,9.82,2.30,10.83,559.29,491.38,67.90
SBB 47-4,2017-12-16,1.97,1.39,0.68,7.25,1.64,6.83,675.34,618.36,56.98
SBB 47-5,2017-12-30,1.81,1.25,0.76,6.49,1.90,6.07,417.75,416.48,1.27
SBB 47-6,2018-01-13,1.61,1.17,0.58,5.53,1.35,5.03,471.00,492.53,-21.53
SBB 47-7,2018-01-27,2.06,1.40,0.68,5.93,1.87,10.15,536.11,457.37,78.74
SBB 47-8,2018-02-10,1.72,1.17,0.58,4.95,1.08,10.45,465.95,402.21,63.74
SBB 47-9,2018-02-24,1.03,0.67,0.39,3.49,0.91,5.66,350.85,342.36,8.48
SBB 47-10,2018-03-10,1.41,0.74,0.90,6.49,0.81,14.25,694.56,640.35,54.21
SBB 47-11,2018-03-24,1.01,0.60,0.39,3.45,0.76,8.42,466.23,374.50,91.73
SBB 47-12,2018-04-07,0.77,0.50,0.31,2.40,0.48,5.37,351.56,320.44,31.12
SBB 47-13,2018-04-21,3.07,1.48,1.60,12.95,1.64,36.93,381.43,330.59,50.84
SBB 48-1,2018-05-26,2.56,1.24,1.67,13.14,2.87,22.59,132.36,73.72,58.64
SBB 48-2,2018-06-08,2.92,1.55,1.13,9.57,2.42,30.07,136.64,85.21,51.43
SBB 48-3,2018-06-21,3.39,1.78,1.86,15.27,1.99,34.10,154.26,90.90,63.36
SBB 48-4,2018-07-04,2.21,1.51,0.84,7.90,1.17,12.21,108.42,77.66,30.75
SBB 48-5,2018-07-17,1.97,1.18,1.16,10.16,1.15,13.04,118.77,71.81,46.95
SBB 48-6,2018-07-30,2.10,1.37,1.01,9.97,1.29,10.65,107.53,93.19,14.35
SBB 48-7,2018-08-12,1.98,1.24,0.91,9.13,1.52,10.92,110.41,64.13,46.28
SBB 48-8,2018-08-25,2.26,1.36,1.07,10.44,0.97,17.26,144.93,91.62,53.31
SBB 48-9,2018-09-07,0.93,0.71,0.29,2.64,0.64,2.68,47.84,33.22,14.62
SBB 48-10,2018-09-20,1.41,1.04,0.50,4.63,1.18,3.86,71.25,52.01,19.24
SBB 48-11,2018-10-03,2.81,2.20,0.76,7.02,1.96,7.20,140.69,113.77,26.92
SBB 48-12,2018-10-16,1.68,1.21,0.74,6.99,1.20,5.13,85.96,63.67,22.29
SBB 48-13,2018-10-29,1.67,1.21,0.66,6.47,1.27,4.95,82.79,58.03,24.76
SBB 49-1,2018-11-17,1.34,1.00,0.46,4.69,0.99,3.50,79.65,57.76,21.90
SBB 49-2,2018-12-01,1.73,1.21,0.72,6.99,1.62,5.07,100.03,71.45,28.58
SBB 49-3,2018-12-15,2.34,1.68,0.86,8.16,1.99,7.55,128.77,94.12,34.65
SBB 49-4,2018-12-29,1.86,1.26,0.79,7.41,2.19,5.69,104.25,76.45,27.80
SBB 49-5,2019-01-12,1.93,1.44,0.63,6.21,1.46,5.43,104.96,78.92,26.04
SBB 49-6,2019-01-26,0.77,0.52,0.35,3.57,0.72,2.43,45.05,36.11,8.94
SBB 49-7,2019-02-09,1.28,0.88,0.65,5.30,1.00,5.11,73.49,54.64,18.85
SBB 49-8,2019-02-23,0.93,0.66,0.35,3.07,0.95,3.05,54.99,37.20,17.78
SBB 49-9,2019-03-09,1.87,1.06,1.00,8.09,1.57,14.79,97.02,82.23,14.79
SBB 49-10,2019-03-23,1.74,0.95,0.95,8.20,1.23,14.99,87.12,64.31,22.81
SBB 49-11,2019-04-06,0.92,0.46,0.73,6.21,0.52,8.06,61.75,31.47,30.27
SBB 49-12,2019-04-20,1.55,0.77,1.07,8.37,0.99,15.45,82.57,49.44,33.12
SBB 49-13,2019-05-04,0.33,0.16,0.23,1.86,0.22,3.02,17.25,10.02,7.23
SBB 50-1,2019-05-24,1.60,0.85,0.81,6.76,1.23,15.14,95.70,77.00,18.70
SBB 50-2,2019-06-07,3.58,2.22,1.54,13.63,2.06,26.59,195.82,156.11,39.71
SBB 50-3,2019-06-21,1.20,0.72,0.74,6.49,1.16,6.27,65.44,46.82,18.62
SBB 50-4,2019-07-05,1.51,0.95,0.69,6.41,1.01,9.68,81.15,60.57,20.59
SBB 50-5,2019-07-19,2.63,1.59,1.12,9.88,1.43,21.19,136.60,112.41,24.19
SBB 50-6,2019-08-02,,,,,,,,,
SBB 50-7,2019-08-16,1.14,0.60,0.63,5.77,0.76,10.14,57.68,36.08,21.61
SBB 50-8,2019-08-30,2.20,1.51,0.93,8.51,1.57,10.14,117.44,98.04,19.40
SBB 50-9,2019-09-13,1.39,0.76,0.82,7.58,0.98,11.00,69.15,46.93,22.22
SBB 50-10,2019-09-27,1.73,1.22,0.71,6.99,1.01,7.30,93.10,67.48,25.63
SBB 50-11,2019-10-11,1.52,1.01,0.75,7.39,1.10,6.41,78.92,65.42,13.51
SBB 50-12,2019-10-25,2.41,1.73,0.86,8.40,1.71,9.07,138.37,106.28,32.08
SBB 50-13,2019-11-08,1.43,1.07,0.53,4.97,1.03,3.80,82.58,60.78,21.80
SBB 51-1,2019-11-23,2.18,1.71,0.70,6.65,1.43,4.30,112.18,98.03,14.15
SBB 51-2,2019-12-07,1.41,1.04,0.49,4.43,1.25,3.74,64.64,55.16,9.47
SBB 51-3,2019-12-21,1.80,1.30,0.63,5.89,1.55,6.25,118.67,77.23,41.44
SBB 51-4,2020-01-04,1.29,0.90,0.48,4.17,1.42,4.49,65.29,50.21,15.08
SBB 51-5,2020-01-18,1.64,1.13,0.61,5.59,1.55,6.59,76.35,69.83,6.51
SBB 51-6,2020-02-01,1.57,1.05,0.61,6.11,1.48,6.55,77.36,73.18,4.18
SBB 51-7,2020-02-15,1.27,0.92,0.49,4.31,0.98,4.58,79.59,53.74,25.85
SBB 51-8,2020-02-29,0.99,0.62,0.47,4.25,0.91,5.60,60.50,43.28,17.22
SBB 51-9,2020-03-14,0.84,0.48,0.54,4.23,0.91,5.24,42.15,41.13,1.02
SBB 51-10,2020-03-28,0.83,0.55,0.39,3.52,0.82,3.51,52.56,35.25,17.31
SBB 51-11,2020-04-11,1.22,0.66,0.62,5.54,0.80,11.00,82.48,52.92,29.56
SBB 51-12,2020-04-25,0.44,0.19,0.24,2.22,0.19,5.88,24.68,13.66,11.02
SBB 51-13,2020-05-09,1.70,0.71,1.06,9.14,0.98,22.17,98.38,69.74,28.63
,,,,,,,,,,
SBB 52-1,2020-11-17,1.57,1.01,0.89,8.18,1.06,7.20,93.33,60.98,32.34
SBB 52-2,2020-12-01,1.94,1.11,1.10,9.89,2.73,9.30,107.83,70.17,37.67
SBB 52-3,2020-12-15,2.26,1.54,1.25,10.88,1.92,6.95,126.69,87.50,39.19
SBB 52-4,2020-12-29,1.76,1.25,0.86,7.52,1.22,5.85,96.27,67.84,28.42
SBB 52-5,2021-01-12,3.44,2.52,1.28,11.75,2.89,9.86,183.59,136.05,47.54
SBB 52-6,2021-01-26,1.74,1.30,0.67,6.53,1.09,5.14,101.49,78.27,23.21
SBB 52-7,2021-02-09,0.88,0.55,0.48,4.15,0.53,5.62,59.58,42.51,17.07
SBB 52-8,2021-02-23,1.66,1.12,0.79,6.86,1.07,8.20,90.85,65.09,25.76
SBB 52-9,2021-03-09,2.79,1.36,1.58,14.00,1.08,32.06,197.31,135.45,61.86
SBB 52-10,2021-03-23,2.61,0.84,1.87,15.79,0.48,44.59,203.85,162.50,41.35
SBB 52-11,2021-04-06,1.60,0.73,0.99,8.20,0.69,19.87,95.77,64.69,31.09
SBB 52-12,2021-04-20,1.85,0.90,1.64,12.04,0.97,17.53,138.42,69.00,69.41
SBB 52-13,2021-05-04,1.49,0.62,1.21,9.42,0.72,18.11,142.37,93.56,48.81
SBB 53-1,2021-05-28,2.67,1.45,1.53,13.04,1.91,22.37,141.01,73.05,67.96
SBB 53-2,2021-06-11,2.25,1.41,1.94,13.30,1.43,10.63,151.32,86.93,64.39
SBB 53-3,2021-06-25,2.78,1.96,1.37,11.08,1.99,10.15,146.24,98.92,47.32
SBB 53-4,2021-07-09,2.65,1.70,1.85,13.92,1.84,12.23,174.22,104.66,69.56
SBB 53-5,2021-07-23,1.32,0.86,0.83,6.82,0.99,5.63,86.80,68.39,18.40
SBB 53-6,2021-08-06,1.84,1.08,1.28,10.17,1.40,11.46,110.48,60.11,50.37
SBB 53-7,2021-08-20,0.84,0.58,0.51,3.92,0.58,2.91,59.56,30.96,28.60
SBB 53-8,2021-09-03,0.46,0.25,0.49,3.56,0.37,2.33,38.05,23.98,14.07
SBB 53-9,2021-09-17,0.88,0.38,0.76,7.35,0.38,8.52,61.75,27.60,34.15
SBB 53-10,2021-10-01,0.91,0.52,0.90,6.74,0.62,4.26,65.29,35.24,30.05
SBB 53-11,2021-10-15,1.39,0.89,0.83,7.73,0.99,6.12,90.82,62.97,27.86
SBB 53-12,2021-10-29,2.77,1.92,1.50,12.73,2.07,9.41,166.27,123.78,42.49
SBB 54-1,2021-11-17,,,,,,,,,
SBB 54-2,2021-12-01,,,,,,,,,
SBB 54-3,2021-12-15,,,,,,,,,
SBB 54-4,2021-12-29,,,,,,,,,
SBB 54-5,2022-01-12,,,,,,,,,
SBB 54-6,2022-01-26,,,,,,,,,
SBB 54-7,2022-02-09,,,,,,,,,
SBB 54-8,2022-02-23,,,,,,,,,
SBB 54-9,2022-03-09,,,,,,,,,
SBB 54-10,2022-03-23,,,,,,,,,
SBB 54-11,2022-04-06,,,,,,,,,
SBB 54-12,2022-04-20,,,,,,,,,
SBB 54-13,2022-05-04,,,,,,,,,
SBB 55-1,2022-05-27,3.59,1.94,2.58,18.56,1.26,34.34,248.95,170.89,78.07
SBB 55-2,2022-06-10,3.15,1.84,2.24,16.96,1.77,22.11,187.55,111.76,75.79
SBB 55-3,2022-06-24,3.93,2.38,2.15,18.20,1.89,29.15,209.71,130.72,78.99
SBB 55-4,2022-07-08,2.18,1.26,1.66,12.38,1.52,13.93,141.09,75.57,65.53
SBB 55-5,2022-07-22,,,,,,,,,
SBB 55-6,2022-08-05,,,,,,,,,
SBB 55-7,2022-08-19,,,,,,,,,
SBB 55-8,2022-09-02,,,,,,,,,
SBB 55-9,2022-09-16,,,,,,,,,
SBB 55-10,2022-09-30,,,,,,,,,
SBB 55-11,2022-10-14,,,,,,,,,
SBB 55-12,2022-10-28,,,,,,,,,
SBB 55-13,,,,,,,,,,
SBB 56-1,2022-11-11,2.14,1.10,1.64,12.08,1.75,17.81,156.87,100.91,55.96
SBB 56-2,2022-11-25,,,,,,,,,
SBB 56-3,2022-12-09,0.86,0.56,0.33,2.65,0.90,4.67,83.05,38.76,44.29
SBB 56-4,2022-12-23,0.90,0.53,0.79,5.77,0.69,4.85,71.35,41.25,30.09
SBB 56-5,2023-01-06,2.60,1.85,1.41,10.05,2.56,7.04,166.65,125.12,41.53
SBB 56-6,2023-01-20,1.98,1.40,0.89,6.92,1.89,6.55,128.47,88.08,40.39
SBB 56-7,2023-02-03,0.81,0.48,0.64,4.49,0.65,4.46,63.21,33.23,29.98
SBB 56-8,2023-02-17,2.10,1.31,1.27,9.11,2.22,10.17,148.78,94.96,53.81
SBB 56-9,2023-03-03,2.01,1.01,1.32,10.25,1.83,18.00,140.83,88.63,52.20
SBB 56-10,2023-03-17,1.16,0.68,0.73,5.35,1.00,7.80,80.48,50.27,30.22
SBB 56-11,2023-03-31,1.69,0.98,2.47,14.24,0.97,6.34,208.66,103.50,105.17
SBB 56-12,2023-04-14,2.35,0.92,2.75,19.10,1.09,26.49,205.74,86.91,118.83
SBB 56-13,2023-04-28,1.16,0.58,0.84,6.65,0.48,11.91,80.48,49.86,30.63
SBB 57-1,,,,,,,,,,
SBB 57-2,,,,,,,,,,
SBB 57-3,,,,,,,,,,
SBB 57-4,,,,,,,,,,
SBB 57-5,,,,,,,,,,
SBB 57-6,,,,,,,,,,
SBB 57-7,,,,,,,,,,
SBB 57-8,,,,,,,,,,
SBB 57-9,,,,,,,,,,
SBB 57-10,,,,,,,,,,
SBB 57-11,,,,,,,,,,
SBB 57-12,,,,,,,,,,
SBB 57-13,,,,,,,,,,
SBB 58-1,2023-12-07,1.78,1.35,1.01,6.82,0.89,4.71,81.10,57.22,23.88
SBB 58-2,2023-12-21,1.76,1.33,0.94,6.72,0.93,4.78,179.99,143.75,36.23
SBB 58-3,2024-01-04,1.90,1.37,1.07,7.66,1.22,6.51,154.78,129.73,25.05
SBB 58-4,2024-01-18,2.86,2.05,1.50,10.65,1.68,11.65,235.07,181.27,53.80
SBB 58-5,2024-02-01,2.56,1.68,1.42,10.28,2.65,10.88,210.56,147.95,62.61
SBB 58-6,2024-02-15,1.07,0.64,1.39,7.79,0.91,3.63,157.24,85.65,71.60
SBB 58-7,2024-02-29,0.85,0.42,1.48,8.32,0.44,4.84,123.68,55.06,68.62
SBB 58-8,2024-03-14,1.44,0.71,1.25,8.40,0.59,14.92,127.96,47.66,80.30
SBB 58-9,2024-03-28,0.92,0.52,0.87,5.51,0.70,5.84,126.00,94.33,31.67
SBB 58-10,2024-04-11,1.43,0.81,1.41,9.28,1.39,7.04,124.23,79.60,44.62
SBB 58-11,2024-04-25,1.17,0.66,0.91,6.79,1.25,6.24,136.12,109.16,26.96
SBB 58-12,2024-05-09,2.37,1.43,1.43,10.49,2.07,14.85,185.63,140.01,45.62
SBB 58-13,2024-05-23,2.79,1.85,1.45,10.41,1.85,15.81,185.77,144.45,41.32
