Sample_ID,Date_Open,Duration_Days,Mid_Julian,Total_Mass_Flux_g_m2_day ,Terrigenous_Flux_g_m2_day ,PON_Flux_g_m2_day,PON_Flux_mmoles_m2_day,PON_Flux_umoles_m2_day,POC_Flux_g_m2_day,POC_Flux_mmoles_m2_day,POC_Flux_umoles_m2_day,CaCO3_Flux_g_m2_day,CaCO3_Flux_mmoles_m2_day,CaCO3_Flux_umoles_m2_day,Opal_Flux_g_m2_day,Opal_Flux_mmoles_m2_day,Opal_Flux_umoles_m2_day,TPP_Flux_umolesP_m2_day,PIP_Flux_umolesP_m2_day,POP_Flux_umolesP_m2_day,
SBB_32-1,2009-09-25,17,3-Oct-09,0.658,0.419,0.005,0.363,363.311,0.038,3.206,3206.115,0.055,0.545,544.537,0.089,3.159,3158.751,37.183,25.837,11.347,
SBB_32-2,2009-10-12,17,20-Oct-09,0.791,0.499,0.006,0.406,406.353,0.041,3.439,3439.218,0.073,0.734,734.140,0.115,4.078,4077.725,43.599,29.620,13.978,
SBB_32-3,2009-10-29,17,6-Nov-09,0.464,0.264,0.007,0.531,530.964,0.038,3.175,3174.624,0.042,0.422,421.642,0.062,2.223,2222.828,17.441,,17.441,
SBB_32-4,2009-11-15,17,23-Nov-09,0.259,0.110,0.005,0.352,351.745,0.025,2.104,2103.959,0.028,0.281,281.456,0.058,2.058,2057.906,13.860,9.023,4.837,
SBB_32-5,2009-12-02,17,10-Dec-09,0.240,0.123,0.003,0.186,186.287,0.017,1.391,1390.675,0.023,0.233,232.681,0.052,1.840,1839.768,12.701,9.060,3.641,
SBB_32-6,2009-12-19,17,27-Dec-09,0.211,0.138,0.002,0.111,111.033,0.011,0.897,897.154,0.024,0.236,236.100,0.022,0.801,800.693,11.437,8.214,3.223,
SBB_32-7,2010-01-05,17,13-Jan-10,0.208,0.120,0.003,0.186,186.154,0.015,1.233,1233.434,0.031,0.309,309.412,0.020,0.716,715.805,42.881,38.842,4.040,
SBB_32-8,2010-01-22,17,30-Jan-10,0.248,0.157,0.002,0.154,153.886,0.014,1.133,1132.653,0.029,0.293,293.238,0.027,0.973,972.645,13.956,10.952,3.005,
SBB_32-9,2010-02-08,17,16-Feb-10,0.446,0.277,0.003,0.210,209.803,0.019,1.572,1571.760,0.063,0.625,624.835,0.059,2.113,2112.933,19.698,17.090,2.608,
SBB_32-10,2010-02-25,17,5-Mar-10,0.769,0.487,0.004,0.293,292.842,0.030,2.531,2530.766,0.099,0.991,991.205,0.107,3.802,3802.352,51.476,26.707,24.769,
SBB_32-11,2010-03-14,17,22-Mar-10,0.552,0.364,0.003,0.242,242.416,0.023,1.952,1951.658,0.059,0.593,592.903,0.070,2.492,2491.522,36.951,24.040,12.911,
SBB_32-12,2010-03-31,17,8-Apr-10,0.184,0.449,0.003,0.196,195.570,0.015,1.242,1241.669,0.017,0.171,170.724,0.068,2.407,2407.006,14.973,7.435,7.538,
SBB_32-13,2010-04-17,17,25-Apr-10,,,,,,,,,,,,,,,,,,
SBB_33-1_T,2010-04-03,19,12-Apr-10,1.323,1.033,0.011,0.803,802.955,0.082,6.811,6810.949,0.085,0.848,847.874,0.493,17.548,17547.802,70.399,45.198,25.201,
SBB_33-2_T,2010-04-17,19,26-Apr-10,0.266,0.149,0.003,0.244,243.545,0.024,1.976,1976.091,0.058,0.575,575.006,0.064,2.293,2292.759,33.078,26.410,6.667,
SBB_33-3_T,2010-05-01,19,10-May-10,0.946,0.705,0.007,0.477,476.518,0.048,4.003,4003.037,0.122,1.214,1214.063,0.294,10.456,10455.861,103.603,86.042,17.561,
SBB_33-4_T,2010-05-15,19,24-May-10,0.326,0.224,0.004,0.255,254.683,0.024,1.977,1976.927,0.042,0.422,422.025,0.171,6.081,6080.521,49.762,42.617,7.145,
SBB_33-5_T,2010-05-29,19,7-Jun-10,0.513,0.383,0.004,0.317,316.907,0.032,2.682,2682.344,0.050,0.495,494.869,0.326,11.599,11599.285,23.935,13.134,10.801,
SBB_33-6_T,2010-06-12,19,21-Jun-10,0.491,0.389,0.004,0.262,262.240,0.026,2.176,2175.928,0.036,0.361,361.051,0.223,7.925,7924.728,19.497,11.546,7.951,
SBB_33-7_T,2010-06-26,19,5-Jul-10,0.346,0.264,0.003,0.187,186.511,0.018,1.514,1513.576,0.037,0.368,367.739,0.153,5.444,5444.233,14.156,9.150,5.005,
SBB_33-8_T,2010-07-10,19,19-Jul-10,0.585,0.447,0.004,0.311,310.512,0.034,2.851,2850.635,0.053,0.528,527.725,0.247,8.810,8809.730,29.885,13.620,16.265,
SBB_33-9_T,2010-07-24,19,2-Aug-10,1.045,0.788,0.008,0.558,557.813,0.057,4.782,4781.502,0.114,1.139,1139.021,0.376,13.396,13395.820,57.923,35.985,21.937,
SBB_33-10_T,2010-08-07,19,16-Aug-10,0.659,0.509,0.006,0.407,407.024,0.043,3.554,3554.010,0.043,0.425,424.720,0.201,7.147,7147.031,37.479,23.518,13.961,
SBB_33-11_T,2010-08-21,19,30-Aug-10,0.514,0.354,0.004,0.293,292.711,0.028,2.313,2313.420,0.091,0.905,905.297,0.128,4.556,4555.901,30.524,20.062,10.462,
SBB_33-12_T,2010-09-04,19,13-Sep-10,0.749,0.569,0.005,0.382,381.626,0.041,3.393,3393.237,0.079,0.790,789.772,0.152,5.415,5414.796,43.222,30.314,12.908,
SBB_33-13_T,2010-09-18,19,27-Sep-10,0.655,0.465,0.005,0.367,367.446,0.037,3.096,3095.641,0.098,0.975,974.509,0.123,4.378,4377.820,44.542,32.056,12.486,
SBB_34-1,2010-10-08,15,15-Oct-10,0.398,0.247,0.004,0.261,261.455,0.027,2.291,2291.049,0.054,0.535,535.341,0.029,1.021,1020.532,46.094,44.529,1.565,
SBB_34-2,2010-10-23,15,30-Oct-10,0.058,0.014,0.001,0.103,102.654,0.011,0.911,910.819,0.008,0.079,79.174,0.009,0.309,309.323,9.310,6.550,2.760,
SBB_34-3,2010-11-07,15,14-Nov-10,0.255,0.114,0.003,0.247,247.343,0.024,1.973,1973.074,0.046,0.455,455.313,0.037,1.306,1305.526,18.676,12.852,5.824,
SBB_34-4,2010-11-22,15,29-Nov-10,0.078,0.022,0.001,0.094,93.966,0.010,0.826,826.392,0.019,0.187,187.462,0.012,0.427,427.175,9.096,6.768,2.328,
SBB_34-5,2010-12-07,15,14-Dec-10,0.109,0.003,0.002,0.116,115.571,0.012,1.034,1033.787,0.035,0.351,351.151,0.040,1.408,1407.943,10.033,5.483,4.550,
SBB_34-6,2010-12-22,15,29-Dec-10,0.078,0.031,0.001,0.084,84.392,0.009,0.772,772.107,0.017,0.170,169.575,0.007,0.242,242.130,12.547,11.305,1.242,
SBB_34-7,2011-01-06,15,13-Jan-11,0.281,0.149,0.003,0.185,185.236,0.019,1.577,1577.459,0.050,0.502,502.348,0.034,1.203,1202.723,18.970,13.844,5.125,
SBB_34-8,2011-01-21,15,28-Jan-11,0.119,0.043,0.001,0.101,101.094,0.011,0.955,955.311,0.029,0.285,284.849,0.019,0.693,692.566,9.296,5.464,3.831,
SBB_34-9,2011-02-05,15,12-Feb-11,0.191,0.087,0.002,0.144,143.669,0.015,1.218,1218.062,0.032,0.315,315.357,0.036,1.293,1293.139,13.675,9.083,4.592,
SBB_34-10,2011-02-20,15,27-Feb-11,0.175,0.066,0.002,0.126,125.617,0.013,1.096,1095.652,0.043,0.429,428.623,0.033,1.178,1177.871,14.510,9.283,5.227,
SBB_34-11,2011-03-07,15,14-Mar-11,0.396,0.173,0.004,0.303,303.313,0.031,2.545,2544.577,0.068,0.678,678.233,0.078,2.793,2793.261,,,,
SBB_34-12,2011-03-22,15,29-Mar-11,0.443,0.199,0.003,0.249,248.860,0.025,2.070,2069.729,0.091,0.913,913.137,0.090,3.205,3205.334,,,,
SBB_34-13,2011-04-06,15,13-Apr-11,0.630,0.267,0.005,0.377,376.509,0.038,3.190,3189.584,0.116,1.161,1161.353,0.152,5.411,5410.844,,,,
SBB_35-1,2011-05-06,12,12-May-11,1.660,1.123,0.008,0.570,569.534,0.073,6.110,6109.952,0.099,0.000,,0.255,9.073,9072.837,75.228,53.891,21.337,
SBB_35-2,2011-05-18,12,24-May-11,1.438,0.867,0.010,0.724,724.358,0.083,6.907,6907.417,0.141,0.000,,0.222,7.922,7922.041,68.200,46.051,22.150,
SBB_35-3,2011-05-30,12,5-Jun-11,3.054,2.264,0.017,1.209,1208.837,0.145,12.112,12111.976,0.198,0.000,,0.229,8.159,8158.673,186.651,161.018,25.633,
SBB_35-4,2011-06-11,12,17-Jun-11,2.785,1.764,0.018,1.282,1282.229,0.151,12.598,12598.169,0.200,0.000,,0.444,15.809,15809.148,153.104,104.017,49.087,
SBB_35-5,2011-06-23,12,29-Jun-11,0.775,0.452,0.009,0.653,652.908,0.063,5.286,5285.657,0.072,0.000,,0.093,3.306,3305.845,129.868,129.822,0.047,
SBB_35-6,2011-07-05,12,11-Jul-11,1.181,0.769,0.008,0.605,605.471,0.068,5.688,5688.141,0.120,0.000,,0.121,4.292,4291.786,75.842,55.051,20.791,
SBB_35-7,2011-07-17,12,23-Jul-11,1.190,0.763,0.010,0.718,718.359,0.078,6.474,6473.801,0.111,0.000,,0.121,4.319,4319.470,73.443,51.882,21.561,
SBB_35-8,2011-07-29,12,4-Aug-11,0.942,0.605,0.006,0.446,445.833,0.053,4.389,4388.998,0.119,0.000,,0.086,3.078,3077.743,53.731,36.143,17.588,
SBB_35-9,2011-08-10,12,16-Aug-11,1.199,0.826,0.008,0.557,556.673,0.065,5.424,5424.242,0.118,0.000,,0.091,3.243,3242.819,66.797,43.680,23.118,
SBB_35-10,2011-08-22,12,28-Aug-11,1.265,0.894,0.008,0.542,542.061,0.066,5.476,5476.124,0.130,0.000,,0.077,2.731,2730.886,76.967,53.080,23.887,
SBB_35-11,2011-09-03,12,9-Sep-11,1.039,0.696,0.008,0.551,551.164,0.060,5.035,5034.546,0.122,0.000,,0.069,2.471,2470.661,87.459,43.987,43.472,
SBB_35-12,2011-09-15,12,21-Sep-11,1.391,0.950,0.009,0.669,668.999,0.079,6.609,6609.211,0.156,0.000,,0.087,3.104,3104.214,81.936,57.949,23.987,
SBB_35-13,2011-09-27,14,4-Oct-11,1.837,1.285,0.010,0.742,741.678,0.093,7.740,7739.858,0.213,0.000,,0.107,3.817,3816.513,105.737,80.972,24.766,
SBB_36-1,2011-10-28,16,5-Nov-11,0.755,,0.007,0.464,464.376,0.052,4.360,4360.135,,,,,,,,,,
SBB_36-2,2011-11-13,16,21-Nov-11,0.977,0.479,0.005,0.376,375.527,0.042,3.489,3489.303,0.271,2.705,2705.046,0.123,4.369,4368.604,53.307,39.275,14.032,
SBB_36-3,2011-11-29,16,7-Dec-11,0.789,0.447,0.005,0.354,354.161,0.038,3.187,3187.310,0.136,1.363,1362.521,0.109,3.895,3894.504,48.212,27.371,20.841,
SBB_36-4,2011-12-15,16,23-Dec-11,1.023,0.639,0.006,0.428,427.595,0.045,3.768,3767.754,0.146,1.460,1460.012,0.124,4.430,4430.450,51.022,35.636,15.386,
SBB_36-5,2011-12-31,16,8-Jan-12,0.549,0.326,0.004,0.253,252.794,0.025,2.110,2110.466,0.099,0.987,987.167,0.060,2.139,2138.705,32.355,20.614,11.741,
SBB_36-6,2012-01-16,16,24-Jan-12,0.488,0.328,0.003,0.214,213.578,0.022,1.870,1869.686,0.062,0.622,621.707,0.043,1.514,1514.457,30.509,20.305,10.204,
SBB_36-7,2012-02-01,16,9-Feb-12,0.541,,0.004,0.290,290.483,0.031,2.566,2566.008,0.089,0.892,891.683,,,,,,,
SBB_36-8,2012-02-17,16,25-Feb-12,0.217,0.115,0.002,0.157,157.099,0.016,1.295,1295.180,0.035,0.345,344.750,0.029,1.025,1024.564,13.463,8.717,4.746,
SBB_36-9,2012-03-04,16,12-Mar-12,0.228,0.142,0.002,0.140,139.992,0.014,1.170,1169.641,0.029,0.286,285.722,0.023,0.804,804.333,13.384,8.829,4.555,
SBB_36-10,2012-03-20,16,28-Mar-12,0.744,0.419,0.005,0.382,382.317,0.039,3.249,3249.166,0.094,0.941,940.633,0.134,4.765,4765.335,38.729,27.098,11.631,
SBB_36-11,2012-04-05,16,13-Apr-12,0.860,0.408,0.005,0.366,366.426,0.036,3.003,3002.924,0.091,0.913,912.621,0.270,9.600,9599.984,43.768,26.724,17.044,
SBB_36-12,2012-04-21,16,29-Apr-12,0.328,0.209,0.003,0.185,184.897,0.018,1.491,1491.328,,,,0.074,2.643,2643.469,16.408,10.308,6.100,
SBB_36-13,2012-05-07,15,14-May-12,1.074,,0.008,0.597,596.988,0.057,4.734,4733.795,,,,,,,,,,
SBB_37-1,2012-06-22,9.5,26-Jun-12,0.163,0.103,0.002,0.114,114.049,0.011,0.953,953.257,0.017,0.171,170.937,0.014,0.492,491.924,8.292,4.842,3.450,
SBB_37-2,2012-07-01,9.5,6-Jul-12,0.229,0.164,0.002,0.109,109.440,0.011,0.916,916.243,0.013,0.126,126.098,0.025,0.876,876.330,9.876,5.785,4.092,
SBB_37-3,2012-07-11,9.5,15-Jul-12,0.237,0.144,0.002,0.135,135.278,0.014,1.152,1151.772,0.017,0.171,170.798,0.041,1.457,1457.476,10.755,6.568,4.187,
SBB_37-4,2012-07-20,9.5,25-Jul-12,0.381,0.207,0.003,0.232,232.295,0.022,1.843,1843.072,0.025,0.253,253.173,0.094,3.356,3355.777,16.429,10.083,6.346,
SBB_37-5,2012-07-30,9.5,3-Aug-12,0.427,0.252,0.004,0.271,270.634,0.026,2.146,2146.255,0.027,0.272,272.226,0.083,2.950,2950.240,19.833,13.759,6.075,
SBB_37-6,2012-08-08,9.5,13-Aug-12,0.868,0.522,0.007,0.482,481.744,0.046,3.836,3835.941,0.044,0.438,438.281,0.187,6.665,6665.195,41.074,28.283,12.792,
SBB_37-7,2012-08-18,9.5,22-Aug-12,0.581,0.395,0.004,0.256,255.991,0.025,2.102,2101.830,0.043,0.427,427.427,0.081,2.869,2869.229,22.185,16.370,5.814,
SBB_37-8,2012-08-27,9.5,1-Sep-12,0.463,0.270,0.004,0.275,275.079,0.029,2.412,2411.964,0.038,0.384,383.546,0.083,2.950,2949.698,23.342,16.215,7.127,
SBB_37-9,2012-09-06,9.5,10-Sep-12,0.424,0.284,0.003,0.225,224.742,0.023,1.913,1913.176,0.032,0.320,319.911,0.051,1.831,1830.591,25.932,18.139,7.794,
SBB_37-10,2012-09-15,9.5,20-Sep-12,0.605,0.433,0.005,0.333,333.459,0.030,2.477,2476.745,0.038,0.382,382.298,0.059,2.110,2110.210,34.930,24.725,10.205,
SBB_37-11,2012-09-25,9.5,29-Sep-12,0.740,0.574,0.003,0.225,225.362,0.023,1.876,1876.372,0.045,0.445,445.157,0.065,2.315,2315.173,39.323,31.754,7.569,
SBB_37-12,2012-10-04,9.5,9-Oct-12,1.145,0.883,0.005,0.393,392.536,0.039,3.260,3259.736,0.071,0.705,705.440,0.094,3.344,3343.843,60.657,49.237,11.420,
SBB_37-13,2012-10-14,9.5,18-Oct-12,0.696,0.533,0.004,0.279,279.483,0.027,2.227,2226.649,0.047,0.467,466.717,0.050,1.786,1785.615,39.916,29.512,10.405,
,,,,,,,,,,,,,,,,,,,,,
SBB_38-1,2013-06-18,9.6,22-Jun-13,0.579,0.234,0.005,0.348,348.249,0.036,3.038,3038.242,0.081,0.805,805.362,0.173,6.161,6161.440,30.436,19.159,11.278,
SBB_38-2,2013-06-27,9.6,2-Jul-13,1.898,0.964,0.016,1.113,1112.564,0.113,9.409,9409.142,0.138,1.380,1379.859,0.513,18.276,18275.850,95.097,62.113,32.984,
SBB_38-3,2013-07-07,9.6,12-Jul-13,0.095,0.054,0.002,0.125,124.727,0.010,0.808,807.697,0.007,0.072,72.404,0.009,0.317,316.519,4.955,2.803,2.151,
SBB_38-4,2013-07-16,9.6,21-Jul-13,0.956,0.605,0.007,0.469,468.578,0.045,3.722,3722.483,0.070,0.703,703.191,0.169,6.014,6014.477,44.485,31.825,12.660,
SBB_38-5,2013-07-26,9.6,31-Jul-13,0.425,0.212,0.004,0.279,279.430,0.027,2.264,2264.037,0.027,0.265,264.860,0.119,4.245,4244.552,17.010,9.264,7.747,
SBB_38-6,2013-08-05,9.6,9-Aug-13,0.225,0.182,,,,,,,0.014,0.142,141.938,0.030,1.053,1053.046,12.628,7.866,4.762,
SBB_38-7,2013-08-14,9.6,19-Aug-13,0.132,0.090,0.001,0.086,86.253,0.008,0.659,658.894,0.009,0.087,87.071,0.014,0.484,483.515,12.353,5.647,6.707,
SBB_38-8,2013-08-24,9.6,29-Aug-13,0.491,0.233,0.009,0.674,673.706,0.051,4.234,4234.303,0.039,0.388,387.799,0.092,3.276,3275.882,32.241,25.686,6.555,
SBB_38-9,2013-09-02,9.6,7-Sep-13,0.126,0.059,0.004,0.261,260.893,0.020,1.632,1632.150,0.010,0.102,101.928,0.007,0.261,260.524,5.914,3.535,2.378,
SBB_38-10,2013-09-12,9.6,17-Sep-13,0.080,0.048,0.001,0.078,78.199,0.006,0.511,511.445,0.009,0.088,87.645,0.008,0.267,267.312,4.514,2.566,1.949,
SBB_38-11,2013-09-22,9.6,26-Sep-13,0.084,,0.001,0.083,83.257,0.007,0.547,547.181,0.006,0.059,59.078,,,,5.132,2.563,2.569,
SBB_38-12,2013-10-01,9.6,6-Oct-13,0.208,0.111,0.003,0.199,199.464,0.018,1.460,1459.524,0.011,0.110,109.931,0.042,1.512,1512.437,11.014,6.108,4.906,
SBB_38-13,2013-10-11,9.6,16-Oct-13,0.354,0.220,0.004,0.319,319.055,0.025,2.112,2111.560,0.027,0.271,270.892,0.044,1.550,1549.649,20.163,12.557,7.605,
SBB_39-1,2013-10-23,16,31-Oct-13,0.279,0.195,0.002,0.149,148.871,0.014,1.166,1166.264,0.035,0.353,352.635,0.014,0.489,488.521,18.189,13.308,4.881,
SBB_39-2,2013-11-08,16,16-Nov-13,0.399,0.274,0.003,0.216,216.321,0.021,1.774,1773.982,0.042,0.420,419.739,0.030,1.055,1054.607,26.655,20.206,6.450,
SBB_39-3,2013-11-24,16,2-Dec-13,0.077,0.042,0.001,0.080,80.135,0.008,0.687,687.357,0.010,0.096,96.157,0.005,0.194,194.402,6.897,4.923,1.974,
SBB_39-4,2013-12-10,16,18-Dec-13,0.306,0.224,0.002,0.160,159.884,0.017,1.434,1434.095,0.024,0.237,237.438,0.016,0.571,571.198,19.733,14.116,5.617,
SBB_39-5,2013-12-26,16,3-Jan-14,0.172,0.100,0.002,0.149,149.121,0.014,1.196,1196.157,0.022,0.225,224.763,0.014,0.492,492.122,14.038,9.336,4.702,
SBB_39-6,2014-01-11,16,19-Jan-14,0.178,0.118,0.002,0.108,107.629,0.011,0.878,877.821,0.023,0.231,230.763,0.011,0.380,379.506,13.418,8.249,5.169,
SBB_39-7,2014-01-27,16,4-Feb-14,0.274,0.197,0.002,0.130,130.410,0.013,1.083,1083.344,0.026,0.264,264.231,0.018,0.640,640.284,24.634,18.364,6.270,
SBB_39-8,2014-02-12,16,20-Feb-14,0.739,0.518,0.005,0.389,388.857,0.039,3.289,3289.333,0.064,0.640,640.472,0.058,2.073,2072.532,81.458,66.650,14.808,
SBB_39-9,2014-02-28,16,8-Mar-14,0.812,0.575,0.004,0.309,309.296,0.033,2.721,2720.647,0.068,0.683,683.057,0.087,3.105,3104.646,44.795,,44.795,
SBB_39-10,2014-03-16,16,24-Mar-14,0.299,0.200,0.002,0.176,175.584,0.019,1.556,1555.672,0.028,0.281,280.771,0.024,0.864,863.503,19.691,,19.691,
SBB_39-11,2014-04-01,16,9-Apr-14,0.311,0.194,0.003,0.216,215.572,0.021,1.744,1743.879,0.038,0.380,379.911,0.026,0.925,925.156,25.599,13.523,12.076,
SBB_39-12,2014-04-17,16,25-Apr-14,0.840,0.521,0.007,0.522,522.389,0.051,4.236,4236.120,0.091,0.911,910.914,0.101,3.593,3593.246,57.200,40.794,16.406,
SBB_39-13,2014-05-03,16,11-May-14,1.024,0.598,0.011,0.795,794.511,0.069,5.724,5724.127,0.105,1.046,1046.242,0.149,5.316,5316.285,74.661,57.398,17.263,
SBB_40-1,2014-05-24,11.5,29-May-14,0.207,0.055,0.004,0.261,260.653,0.024,2.035,2034.540,0.076,0.762,762.024,0.015,0.523,522.613,,,,
SBB_40-2,2014-06-04,11.5,10-Jun-14,1.069,0.522,0.010,0.715,714.940,0.066,5.516,5515.727,0.044,0.442,441.570,0.337,12.001,12001.305,41.736,28.385,13.351,
SBB_40-3,2014-06-16,11.5,21-Jun-14,0.539,0.253,0.006,0.426,425.567,0.042,3.508,3508.491,0.062,0.618,618.471,0.119,4.221,4221.214,36.038,26.964,9.074,
SBB_40-4,2014-06-27,11.5,3-Jul-14,0.225,0.108,0.003,0.185,185.193,0.018,1.499,1498.936,0.017,0.170,169.610,0.056,1.987,1987.453,10.438,6.858,3.580,
SBB_40-5,2014-07-09,11.5,14-Jul-14,0.192,0.105,0.002,0.151,151.030,0.014,1.175,1174.947,0.020,0.200,200.107,0.032,1.123,1123.329,12.674,7.718,4.955,
SBB_40-6,2014-07-20,11.5,26-Jul-14,0.406,0.224,0.003,0.239,238.805,0.025,2.104,2103.747,0.037,0.367,366.730,0.082,2.933,2933.371,21.029,13.913,7.116,
SBB_40-7,2014-08-01,11.5,6-Aug-14,0.223,0.120,0.003,0.185,185.183,0.017,1.425,1425.009,0.011,0.112,112.184,0.049,1.751,1751.187,9.799,5.686,4.113,
SBB_40-8,2014-08-12,11.5,18-Aug-14,0.145,0.078,0.002,0.164,164.201,0.014,1.153,1153.348,0.011,0.113,112.643,0.022,0.773,773.302,8.503,5.145,3.358,
SBB_40-9,2014-08-24,11.5,29-Aug-14,0.141,0.093,0.001,0.103,102.855,0.009,0.753,752.603,0.010,0.098,97.866,0.015,0.543,542.520,6.823,5.014,1.810,
SBB_40-10,2014-09-04,11.5,10-Sep-14,0.182,0.123,0.002,0.138,138.043,0.012,0.962,962.121,0.014,0.138,138.120,0.016,0.579,579.014,8.955,5.942,3.014,
SBB_40-11,2014-09-16,11.5,21-Sep-14,0.509,0.343,0.004,0.281,280.891,0.026,2.128,2127.972,0.049,0.494,493.859,0.053,1.870,1869.770,24.155,18.106,6.049,
SBB_40-12,2014-09-27,11.5,3-Oct-14,1.012,0.690,0.007,0.519,518.536,0.049,4.115,4114.750,0.099,0.986,985.668,0.100,3.561,3560.929,52.727,39.143,13.584,
SBB_40-13,2014-10-09,11.5,14-Oct-14,0.958,0.664,0.007,0.483,483.031,0.045,3.743,3743.297,0.092,0.921,921.083,0.090,3.198,3198.344,47.194,33.191,14.003,
,,,,,,,0.000,,,0.000,,,,,,,,,,,
SBB_41-1,2014-12-18,13,24-Dec-14,1.250,,0.006,0.397,397.451,0.040,3.347,3346.796,0.145,1.454,1453.513,,,,53.887,44.670,9.217,
SBB_41-2,2014-12-31,13,6-Jan-15,0.904,,0.005,0.381,381.464,0.040,3.340,3339.841,0.097,0.972,971.800,,,,42.884,35.132,7.751,
SBB_41-3,2015-01-13,13,19-Jan-15,0.358,,0.003,0.205,204.568,0.025,2.072,2072.032,0.045,0.449,448.877,,,,21.206,16.036,5.170,
SBB_41-4,2015-01-26,13,1-Feb-15,0.374,,0.003,0.236,236.033,0.032,2.670,2669.889,0.049,0.486,485.705,,,,29.326,24.210,5.116,
SBB_41-5,2015-02-08,13,14-Feb-15,0.181,,0.001,0.106,105.645,0.012,0.992,991.526,0.032,0.319,319.492,,,,10.398,7.106,3.292,
SBB_41-6,2015-02-21,13,27-Feb-15,0.131,0.062,0.002,0.114,114.332,0.016,1.350,1350.322,0.021,0.211,210.788,0.008,0.275,275.314,12.494,9.657,2.837,
SBB_41-7,2015-03-06,13,12-Mar-15,0.151,0.081,0.001,0.102,102.234,0.012,0.990,990.143,0.025,0.252,252.475,0.015,0.532,531.854,9.181,6.466,2.714,
SBB_41-8,2015-03-19,13,25-Mar-15,0.256,0.150,0.002,0.165,165.153,0.017,1.409,1409.049,0.042,0.417,416.860,0.022,0.793,793.283,12.673,8.462,4.211,
SBB_41-9,2015-04-01,13,7-Apr-15,0.191,0.094,0.002,0.155,155.241,0.015,1.233,1232.627,0.027,0.270,269.533,0.033,1.168,1168.333,11.945,8.161,3.784,
SBB_41-10,2015-04-14,13,20-Apr-15,0.385,0.170,0.006,0.431,430.671,0.037,3.086,3085.523,0.031,0.308,308.323,0.092,3.266,3266.004,24.311,12.992,11.319,
SBB_41-11,2015-04-27,13,3-May-15,0.190,0.103,0.002,0.146,146.029,0.014,1.157,1157.035,0.021,0.211,211.290,0.030,1.086,1085.928,9.760,6.003,3.756,
SBB_41-12,2015-05-10,13,16-May-15,0.146,0.079,0.002,0.155,154.544,0.013,1.113,1112.526,0.015,0.146,146.260,0.019,0.680,680.281,9.336,5.390,3.947,
SBB_41-13,2015-05-23,11,28-May-15,0.145,0.066,0.002,0.154,153.823,0.014,1.135,1135.494,0.011,0.114,114.371,0.033,1.192,1192.488,7.677,3.816,3.861,
SBB_42-1,2015-06-04,10,9-Jun-15,4.278,3.000,0.027,1.917,1916.818,0.187,15.600,15600.216,0.348,3.481,3480.782,0.462,16.436,16436.272,198.725,151.203,47.522,
SBB_42-2,2015-06-14,10,19-Jun-15,2.996,1.981,0.016,1.169,1168.547,0.115,9.622,9621.980,0.334,3.334,3333.538,0.393,13.995,13995.242,140.672,101.882,38.790,
SBB_42-3,2015-06-24,10,29-Jun-15,1.738,0.910,0.014,0.993,992.770,0.093,7.757,7756.923,0.158,1.581,1580.829,0.437,15.558,15558.167,74.137,53.724,20.412,
SBB_42-4,2015-07-04,10,9-Jul-15,0.067,0.032,0.001,0.055,55.178,0.005,0.423,423.467,0.006,0.056,55.665,0.017,0.618,617.895,2.317,1.297,1.019,
SBB_42-5,2015-07-14,10,19-Jul-15,,,,,,,,,,,,,,,,,,
SBB_42-6,2015-07-24,10,29-Jul-15,,,,,,,,,,,,,,,,,,
SBB_42-7,2015-08-03,10,8-Aug-15,,,,,,,,,,,,,,,,,,
SBB_42-8,2015-08-13,10,18-Aug-15,,,,,,,,,,,,,,,,,,
SBB_42-9,2015-08-23,10,28-Aug-15,,,,,,,,,,,,,,,,,,
SBB_42-10,2015-09-02,10,7-Sep-15,0.242,0.129,0.002,0.156,156.482,0.014,1.183,1183.297,0.017,0.167,167.399,0.062,2.192,2192.369,8.034,4.978,3.056,
SBB_42-11,2015-09-12,10,17-Sep-15,0.002,,,,,,,,,,,,,,,,,
SBB_42-12,2015-09-22,10,27-Sep-15,0.095,0.051,0.001,0.059,59.498,0.005,0.444,443.632,0.007,0.069,69.178,0.024,0.837,837.213,3.286,2.057,1.228,
SBB_42-13,2015-10-02,10,7-Oct-15,0.120,0.064,0.001,0.070,70.171,0.007,0.558,558.009,0.008,0.083,82.546,0.031,1.101,1100.549,4.142,2.608,1.535,
SBB_43-1,2015-10-14,16.5,22-Oct-15,2.435,1.739,0.012,0.826,826.332,0.088,7.361,7361.421,0.257,2.570,2569.926,0.218,7.773,7773.489,119.247,98.661,20.586,
SBB_43-2,2015-10-30,16.5,7-Nov-15,1.660,1.174,0.009,0.622,621.830,0.073,6.117,6117.093,0.144,1.440,1439.847,0.159,5.652,5652.029,102.940,77.859,25.081,
SBB_43-3,2015-11-16,16.5,24-Nov-15,3.649,2.947,0.008,0.561,561.154,0.067,5.599,5599.069,0.301,3.003,3002.562,0.233,8.310,8309.540,224.964,185.292,39.672,
SBB_43-4,2015-12-02,16.5,10-Dec-15,3.527,2.889,0.008,0.573,573.081,0.067,5.620,5620.146,0.257,2.564,2564.119,0.212,7.556,7556.464,192.808,156.520,36.288,
SBB_43-5,2015-12-19,16.5,27-Dec-15,2.077,1.463,0.008,0.561,561.076,0.061,5.105,5104.617,0.254,2.536,2535.719,0.208,7.388,7388.330,119.586,88.077,31.509,
SBB_43-6,2016-01-04,16.5,12-Jan-16,1.347,0.910,0.006,0.459,459.179,0.051,4.227,4227.176,0.164,1.634,1634.005,0.147,5.220,5219.804,71.356,53.038,18.318,
SBB_43-7,2016-01-21,16.5,29-Jan-16,0.998,0.671,0.005,0.331,330.977,0.038,3.156,3156.395,0.132,1.321,1320.528,0.100,3.556,3555.586,51.492,40.362,11.130,
SBB_43-8,2016-02-06,16.5,14-Feb-16,1.714,1.234,0.006,0.450,449.899,0.050,4.162,4161.977,0.231,2.306,2305.846,0.124,4.415,4414.536,90.797,65.543,25.254,
SBB_43-9,2016-02-23,16.5,2-Mar-16,1.771,1.232,0.007,0.535,535.268,0.062,5.171,5170.520,0.231,2.308,2308.404,0.153,5.443,5442.657,101.824,81.938,19.886,
SBB_43-10,2016-03-10,16.5,18-Mar-16,1.452,0.996,0.007,0.470,470.061,0.053,4.454,4453.729,0.201,2.012,2011.824,0.121,4.291,4291.474,83.686,67.888,15.798,
SBB_43-11,2016-03-27,16.5,4-Apr-16,1.146,0.720,0.005,0.355,354.762,0.041,3.419,3418.918,0.132,1.315,1314.878,0.192,6.832,6832.402,58.934,47.033,11.901,
SBB_43-12,2016-04-12,16.5,20-Apr-16,0.728,0.450,0.004,0.270,270.216,0.028,2.371,2370.758,0.073,0.726,725.782,0.135,4.801,4801.379,35.767,26.795,8.972,
SBB_43-13,2016-04-29,16.5,7-May-16,1.385,0.883,0.007,0.507,506.741,0.055,4.623,4622.726,0.162,1.615,1615.350,0.202,7.184,7184.223,77.412,59.409,18.004,
SBB_44-1,2016-05-18,14,25-May-16,2.352,1.472,0.015,1.038,1038.109,0.119,9.897,9897.360,0.202,2.014,2013.661,0.381,13.556,13556.121,146.637,107.148,39.489,
SBB_44-2,2016-06-01,14,8-Jun-16,2.532,1.539,0.019,1.381,1381.034,0.150,12.535,12534.652,0.200,1.996,1995.665,0.417,14.839,14838.793,168.501,110.248,58.253,
SBB_44-3,2016-06-15,14,22-Jun-16,2.878,1.662,0.019,1.367,1367.317,0.146,12.138,12137.722,0.229,2.284,2284.497,0.623,22.182,22182.459,167.335,121.187,46.148,
SBB_44-4,2016-06-29,14,6-Jul-16,2.895,1.912,0.015,1.105,1104.620,0.121,10.113,10113.385,0.122,1.217,1216.589,0.557,19.849,19849.149,151.489,113.754,37.736,
SBB_44-5,2016-07-13,14,20-Jul-16,1.445,0.878,0.011,0.792,792.177,0.086,7.137,7137.277,0.134,1.340,1340.460,0.219,7.781,7781.060,90.256,79.263,10.993,
SBB_44-6,2016-07-27,14,3-Aug-16,2.290,1.561,0.016,1.117,1116.740,0.125,10.400,10399.872,0.137,1.364,1363.873,0.280,9.963,9963.317,120.753,90.687,30.066,
SBB_44-7,2016-08-10,14,17-Aug-16,1.680,0.976,0.013,0.923,922.626,0.105,8.720,8720.165,0.119,1.190,1190.041,0.323,11.518,11518.017,95.687,66.995,28.692,
SBB_44-8,2016-08-24,14,31-Aug-16,0.746,0.463,0.006,0.401,400.950,0.044,3.668,3668.500,0.047,0.470,469.504,0.125,4.459,4458.575,34.582,25.412,9.170,
SBB_44-9,2016-09-07,14,14-Sep-16,,0.001,,,,,,,,,,,,,,,,
SBB_44-10,2016-09-21,14,28-Sep-16,,,,,,,,,,,,,,,,,,
SBB_44-11,2016-10-05,14,12-Oct-16,,,,,,,,,,,,,,,,,,
SBB_44-12,2016-10-19,7,22-Oct-16,1.023,0.662,0.006,0.461,460.929,0.057,4.767,4766.808,0.072,0.722,722.096,0.146,5.185,5184.679,48.637,37.011,11.626,
SBB_44-13,,0,,,,,,,,,,,,,,,,,,,
SBB_45-1,2016-10-27,15,3-Nov-16,1.881,1.137,0.011,0.807,806.508,0.097,8.084,8084.247,0.177,1.770,1770.208,0.324,11.533,11533.004,95.891,66.753,29.139,
SBB_45-2,2016-11-11,15,18-Nov-16,2.352,1.589,0.011,0.752,752.024,0.094,7.811,7811.238,0.184,1.840,1840.098,0.344,12.266,12266.085,,,,
SBB_45-3,2016-11-26,15,3-Dec-16,2.238,1.581,0.011,0.777,777.404,0.098,8.175,8174.531,0.173,1.733,1732.817,0.238,8.465,8465.387,124.612,98.864,25.748,
SBB_45-4,2016-12-11,15,18-Dec-16,1.970,1.272,0.011,0.814,813.710,0.095,7.937,7936.590,0.178,1.776,1776.149,0.282,10.051,10050.749,103.740,80.306,23.434,
SBB_45-5,2016-12-26,15,2-Jan-17,1.707,1.262,0.008,0.554,554.324,0.066,5.537,5536.539,0.153,1.524,1523.686,0.126,4.473,4472.743,91.889,74.488,17.401,
SBB_45-6,2017-01-10,15,17-Jan-17,1.127,0.803,0.006,0.415,415.006,0.047,3.929,3929.478,0.135,1.349,1348.786,0.070,2.506,2506.285,61.482,46.518,14.964,
SBB_45-7,2017-01-25,15,1-Feb-17,1.104,0.719,0.006,0.394,393.542,0.041,3.424,3424.460,0.196,1.962,1962.227,0.086,3.062,3062.028,62.556,46.073,16.483,
SBB_45-8,2017-02-09,15,16-Feb-17,0.445,0.290,0.003,0.199,198.997,0.023,1.954,1953.971,0.057,0.566,566.241,0.039,1.405,1404.941,27.154,19.712,7.442,
SBB_45-9,2017-02-24,15,3-Mar-17,0.524,0.350,0.003,0.187,186.613,0.024,1.970,1969.807,0.069,0.694,694.038,0.046,1.636,1635.735,31.318,23.929,7.389,
SBB_45-10,2017-03-11,15,18-Mar-17,2.258,1.408,0.013,0.902,901.884,0.097,8.106,8106.131,0.202,2.015,2015.493,0.406,14.440,14440.098,125.022,89.416,35.605,
SBB_45-11,2017-03-26,15,2-Apr-17,0.162,0.105,0.001,0.075,75.199,0.009,0.722,721.664,0.015,0.153,153.053,0.020,0.721,721.053,10.490,7.255,3.236,
SBB_45-12,2017-04-10,15,17-Apr-17,0.527,0.232,0.005,0.373,373.382,0.049,4.111,4110.638,0.016,0.164,163.969,0.155,5.534,5534.172,24.572,18.402,6.171,
SBB_45-13,2017-04-25,15,2-May-17,0.155,0.084,0.001,0.105,104.600,0.010,0.835,834.825,0.012,0.119,118.502,0.034,1.210,1210.174,9.267,6.210,3.057,
SBB_46-1,2017-05-11,13,17-May-17,2.031,1.068,0.010,0.732,732.281,0.077,6.425,6425.281,0.153,1.525,1524.506,0.618,21.993,21993.361,83.207,64.268,18.939,
SBB_46-2,2017-05-24,13,30-May-17,2.665,0.764,0.022,1.553,1552.537,0.153,12.763,12763.472,0.214,2.143,2142.839,1.303,46.395,46394.613,110.622,74.033,36.588,
SBB_46-3,2017-06-06,13,12-Jun-17,0.794,0.379,0.005,0.380,380.494,0.038,3.169,3169.044,0.063,0.626,625.629,0.258,9.173,9172.535,37.597,26.857,10.740,
SBB_46-4,2017-06-19,13,25-Jun-17,1.489,0.845,0.010,0.735,734.939,0.072,6.005,6005.140,0.104,1.037,1037.216,0.360,12.823,12823.400,72.258,52.478,19.780,
SBB_46-5,2017-07-02,13,8-Jul-17,1.538,0.686,0.010,0.735,735.307,0.083,6.882,6881.505,0.192,1.918,1917.993,0.454,16.158,16157.544,60.940,44.446,16.494,
SBB_46-6,2017-07-15,13,21-Jul-17,0.338,0.192,0.002,0.174,173.756,0.018,1.469,1468.536,0.026,0.260,260.427,0.076,2.720,2720.396,16.449,10.586,5.864,
SBB_46-7,2017-07-28,13,3-Aug-17,0.720,0.371,0.007,0.478,478.228,0.050,4.130,4130.426,0.042,0.424,424.274,0.183,6.505,6505.443,36.528,27.229,9.299,
SBB_46-8,2017-08-10,13,16-Aug-17,0.572,0.315,0.005,0.338,338.026,0.037,3.086,3086.416,0.067,0.674,674.250,0.098,3.474,3474.230,27.113,20.096,7.017,
SBB_46-9,2017-08-23,13,29-Aug-17,0.935,0.229,0.007,0.522,521.680,0.057,4.762,4762.145,0.417,4.163,4162.614,0.147,5.226,5225.542,43.795,32.628,11.166,
SBB_46-10,2017-09-05,13,11-Sep-17,0.548,0.212,0.004,0.278,278.025,0.031,2.595,2594.645,0.168,1.682,1682.038,0.090,3.196,3195.905,25.211,16.506,8.705,
SBB_46-11,2017-09-18,13,24-Sep-17,1.520,0.861,0.011,0.792,792.458,0.089,7.422,7422.449,0.106,1.057,1057.200,0.330,11.761,11760.996,78.237,53.163,25.074,
SBB_46-12,2017-10-01,13,7-Oct-17,1.815,1.211,0.011,0.782,781.891,0.092,7.686,7686.126,0.126,1.255,1255.428,0.248,8.841,8840.590,89.902,68.244,21.658,
SBB_46-13,2017-10-14,11,19-Oct-17,1.898,1.314,0.012,0.865,865.127,0.103,8.559,8559.424,0.133,1.327,1327.464,0.195,6.940,6939.908,113.644,76.152,37.492,
SBB_47-1,2017-11-04,14,11-Nov-17,1.543,1.073,0.007,0.490,489.648,0.057,4.722,4722.292,0.078,0.780,779.938,0.250,8.893,8893.278,95.095,60.815,34.280,
SBB_47-2,2017-11-18,14,25-Nov-17,2.016,1.347,0.011,0.820,819.975,0.086,7.153,7153.362,0.138,1.377,1376.677,0.316,11.267,11266.549,103.635,76.278,27.357,
SBB_47-3,2017-12-02,14,9-Dec-17,2.730,1.898,0.012,0.866,865.612,0.115,9.618,9618.033,0.245,2.451,2450.767,0.298,10.595,10594.726,197.117,172.305,24.812,
SBB_47-4,2017-12-16,14,23-Dec-17,1.759,1.314,0.007,0.526,526.109,0.065,5.448,5448.432,0.146,1.456,1455.718,0.136,4.840,4840.298,104.981,88.686,16.295,
SBB_47-5,2017-12-30,14,6-Jan-18,1.286,0.923,0.006,0.412,412.185,0.045,3.786,3785.552,0.144,1.436,1436.383,0.106,3.766,3766.479,68.948,56.335,12.614,
SBB_47-6,2018-01-13,14,20-Jan-18,0.912,0.654,0.005,0.383,382.862,0.044,3.659,3658.561,0.090,0.898,898.229,0.059,2.103,2102.962,50.551,38.308,12.242,
SBB_47-7,2018-01-27,14,3-Feb-18,1.014,0.640,0.006,0.406,406.179,0.048,4.006,4005.677,0.091,0.909,909.305,0.164,5.826,5825.761,47.119,36.363,10.756,
SBB_47-8,2018-02-10,14,17-Feb-18,1.035,0.708,0.005,0.337,337.012,0.035,2.939,2938.790,0.068,0.677,676.570,0.171,6.094,6093.689,53.768,39.723,14.045,
SBB_47-9,2018-02-24,14,3-Mar-18,0.406,0.261,0.003,0.188,187.691,0.021,1.723,1722.723,0.035,0.352,352.367,0.058,2.049,2049.213,20.011,14.613,5.398,
SBB_47-10,2018-03-10,14,17-Mar-18,0.776,0.365,0.005,0.377,376.761,0.043,3.565,3564.844,0.058,0.579,578.558,0.245,8.736,8736.114,46.647,32.827,13.820,
SBB_47-11,2018-03-24,14,31-Mar-18,0.402,0.229,0.003,0.192,192.460,0.022,1.814,1813.708,0.037,0.369,368.725,0.082,2.918,2917.950,26.749,19.647,7.101,
SBB_47-12,2018-04-07,14,14-Apr-18,0.569,0.323,0.004,0.298,298.488,0.034,2.857,2856.935,0.052,0.521,521.029,0.108,3.855,3855.311,32.237,24.543,7.694,
SBB_47-13,2018-04-21,14,28-Apr-18,1.123,0.631,0.009,0.647,646.892,0.063,5.269,5269.065,0.080,0.801,800.938,0.253,9.025,9025.338,54.779,40.237,14.542,
SBB_48-1,2018-05-26,13,1-Jun-18,2.431,0.714,0.021,1.508,1508.442,0.138,11.471,11470.852,0.521,5.201,5200.549,0.853,30.373,30372.698,113.726,74.942,38.783,
SBB_48-2,2018-06-08,13,14-Jun-18,2.767,1.459,0.017,1.204,1204.092,0.113,9.444,9443.660,0.202,2.014,2013.671,0.824,29.322,29322.337,115.148,82.924,32.224,
SBB_48-3,2018-06-21,13,27-Jun-18,2.972,1.255,0.020,1.423,1422.897,0.145,12.075,12074.709,0.208,2.076,2075.743,1.147,40.841,40840.987,117.151,78.881,38.270,
SBB_48-4,2018-07-04,13,10-Jul-18,2.494,1.829,0.012,0.868,867.812,0.092,7.662,7662.051,0.119,1.191,1190.756,0.316,11.257,11257.230,120.134,96.260,23.874,
SBB_48-5,2018-07-17,13,23-Jul-18,1.921,1.283,0.013,0.943,942.905,0.100,8.319,8319.464,0.143,1.428,1427.541,0.246,8.746,8746.435,118.708,90.387,28.321,
SBB_48-6,2018-07-30,13,5-Aug-18,0.428,0.288,0.003,0.250,249.697,0.028,2.363,2363.002,0.024,0.243,243.274,0.045,1.590,1589.726,27.859,23.530,4.329,
SBB_48-7,2018-08-12,13,18-Aug-18,1.049,0.565,0.010,0.699,699.143,0.084,7.036,7036.064,0.079,0.788,787.947,0.194,6.905,6905.416,68.262,36.409,31.853,
SBB_48-8,2018-08-25,13,31-Aug-18,1.137,0.637,0.011,0.764,763.938,0.081,6.765,6765.378,0.059,0.589,589.147,0.238,8.476,8476.437,71.852,57.021,14.831,
SBB_48-9,2018-09-07,13,13-Sep-18,0.814,0.580,0.005,0.385,385.330,0.044,3.640,3640.242,0.045,0.454,453.845,0.079,2.800,2799.859,38.247,29.719,8.529,
SBB_48-10,2018-09-20,13,26-Sep-18,1.085,0.756,0.006,0.407,407.008,0.045,3.780,3780.019,0.076,0.756,756.418,0.139,4.966,4965.989,53.676,40.243,13.433,
SBB_48-11,2018-10-03,13,9-Oct-18,1.527,1.153,0.006,0.405,405.206,0.048,4.035,4034.693,0.099,0.993,993.144,0.154,5.469,5469.083,80.210,61.122,19.088,
SBB_48-12,2018-10-16,13,22-Oct-18,2.108,1.581,0.011,0.800,800.435,0.082,6.873,6872.666,0.150,1.501,1501.056,0.170,6.049,6048.647,138.914,105.451,33.463,
SBB_48-13,2018-10-29,13,4-Nov-18,1.594,1.205,0.007,0.518,518.333,0.062,5.199,5199.059,0.117,1.170,1169.979,0.115,4.110,4110.080,81.072,61.950,19.122,
SBB_49-1,2018-11-17,14,24-Nov-18,1.354,1.012,0.006,0.408,407.736,0.059,4.925,4925.452,0.105,1.052,1052.314,0.089,3.165,3164.894,72.569,62.690,9.879,
SBB_49-2,2018-12-01,14,8-Dec-18,2.103,1.505,0.011,0.764,764.312,0.079,6.590,6589.939,0.214,2.136,2136.035,0.187,6.653,6652.743,121.801,100.305,21.496,
SBB_49-3,2018-12-15,14,22-Dec-18,2.834,2.012,0.011,0.815,815.045,0.100,8.305,8304.885,0.260,2.594,2594.346,0.313,11.160,11160.213,150.171,122.559,27.612,
SBB_49-4,2018-12-29,14,5-Jan-19,2.663,1.794,0.011,0.812,812.098,0.092,7.704,7703.713,0.351,3.511,3511.478,0.286,10.185,10185.077,144.540,109.989,34.550,
SBB_49-5,2019-01-12,14,19-Jan-19,1.897,1.466,0.006,0.441,441.419,0.057,4.748,4747.959,0.162,1.618,1618.035,0.127,4.508,4508.226,97.622,78.000,19.623,
SBB_49-6,2019-01-26,14,2-Feb-19,1.234,0.901,0.006,0.439,438.693,0.055,4.615,4615.078,0.137,1.373,1373.434,0.058,2.059,2059.196,79.952,64.007,15.945,
SBB_49-7,2019-02-09,14,16-Feb-19,1.354,1.061,0.006,0.437,437.066,0.051,4.261,4260.834,0.100,1.000,1000.089,0.065,2.318,2317.731,83.279,60.734,22.545,
SBB_49-8,2019-02-23,14,2-Mar-19,0.771,0.552,0.004,0.265,265.155,0.034,2.865,2864.820,0.073,0.731,730.640,0.060,2.142,2142.025,44.854,32.522,12.332,
SBB_49-9,2019-03-09,14,16-Mar-19,1.280,0.824,0.007,0.495,495.380,0.053,4.424,4424.132,0.097,0.972,972.136,0.226,8.030,8030.239,62.718,47.583,15.136,
SBB_49-10,2019-03-23,14,30-Mar-19,0.680,0.372,0.005,0.380,379.683,0.042,3.519,3518.705,0.044,0.444,444.003,0.158,5.619,5618.662,37.194,26.282,10.912,
SBB_49-11,2019-04-06,14,13-Apr-19,0.429,0.275,0.003,0.192,192.184,0.023,1.891,1890.823,0.031,0.306,305.914,0.066,2.353,2352.959,22.316,17.512,4.804,
SBB_49-12,2019-04-20,14,27-Apr-19,0.383,0.202,0.002,0.176,176.098,0.018,1.522,1522.129,0.027,0.266,265.593,0.108,3.863,3863.154,18.405,14.602,3.803,
SBB_49-13,2019-05-04,14,11-May-19,0.131,0.064,0.001,0.079,79.208,0.008,0.631,630.785,0.009,0.085,85.158,0.040,1.416,1416.289,6.235,3.779,2.456,
SBB_50-1,2019-05-24,14,31-May-19,1.380,0.658,0.013,0.941,941.094,0.087,7.230,7229.786,0.097,0.973,973.424,0.408,14.521,14521.143,93.792,54.628,39.164,
SBB_50-2,2019-06-07,14,14-Jun-19,1.498,0.869,0.011,0.807,807.052,0.082,6.854,6853.701,0.090,0.904,903.888,0.333,11.852,11852.274,75.577,55.992,19.585,
SBB_50-3,2019-06-21,14,28-Jun-19,0.542,0.291,0.006,0.410,410.380,0.044,3.660,3659.613,0.056,0.558,557.794,0.085,3.015,3014.520,33.388,20.436,12.951,
SBB_50-4,2019-07-05,14,12-Jul-19,1.422,0.855,0.010,0.681,681.253,0.076,6.324,6323.882,0.103,1.031,1031.477,0.274,9.741,9741.317,72.354,50.590,21.764,
SBB_50-5,2019-07-19,14,26-Jul-19,2.072,1.276,0.013,0.901,901.230,0.097,8.071,8071.091,0.102,1.015,1014.510,0.453,16.112,16112.149,90.169,74.006,16.163,
SBB_50-6,2019-08-02,14,9-Aug-19,0.848,0.492,0.006,0.413,413.450,0.043,3.600,3599.973,0.056,0.564,563.651,0.191,6.817,6816.828,36.784,27.180,9.604,
SBB_50-7,2019-08-16,14,23-Aug-19,0.804,0.427,0.007,0.488,487.918,0.053,4.425,4425.357,0.053,0.533,532.705,0.191,6.797,6797.068,40.974,32.976,7.999,
SBB_50-8,2019-08-30,14,6-Sep-19,1.866,1.294,0.011,0.762,762.196,0.086,7.132,7132.048,0.126,1.263,1263.156,0.232,8.250,8250.151,82.085,66.687,15.399,
SBB_50-9,2019-09-13,14,20-Sep-19,1.037,0.654,0.008,0.538,538.363,0.060,4.995,4994.599,0.075,0.745,744.655,0.159,5.649,5648.726,48.807,35.078,13.730,
SBB_50-10,2019-09-27,14,4-Oct-19,1.051,0.735,0.006,0.438,438.136,0.052,4.292,4291.734,0.069,0.691,690.505,0.119,4.230,4230.332,50.240,38.130,12.109,
SBB_50-11,2019-10-11,14,18-Oct-19,0.968,0.701,0.006,0.406,405.556,0.047,3.907,3907.023,0.062,0.622,622.447,0.087,3.113,3113.437,48.575,36.575,12.000,
SBB_50-12,2019-10-25,14,1-Nov-19,2.043,1.529,0.010,0.719,718.516,0.083,6.894,6893.530,0.148,1.478,1477.979,0.159,5.668,5667.808,103.423,87.544,15.880,
SBB_50-13,2019-11-08,12,14-Nov-19,1.775,1.355,0.008,0.605,604.960,0.069,5.786,5786.476,0.129,1.290,1290.287,0.118,4.201,4200.991,87.273,69.957,17.317,
SBB_51-1,,,,,,,,,,,,,,,,,,,,,
SBB_51-2,,,,,,,,,,,,,,,,,,,,,
SBB_51-3,,,,,,,,,,,,,,,,,,,,,
SBB_51-4,,,,,,,,,,,,,,,,,,,,,
SBB_51-5,,,,,,,,,,,,,,,,,,,,,
SBB_51-6,,,,,,,,,,,,,,,,,,,,,
SBB_51-7,,,,,,,,,,,,,,,,,,,,,
SBB_51-8,,,,,,,,,,,,,,,,,,,,,
SBB_51-9,,,,,,,,,,,,,,,,,,,,,
SBB_51-10,,,,,,,,,,,,,,,,,,,,,
SBB_51-11,,,,,,,,,,,,,,,,,,,,,
SBB_51-12,,,,,,,,,,,,,,,,,,,,,
SBB_51-13,,,,,,,,,,,,,,,,,,,,,
SBB_52-1,2020-11-17,14,24-Nov-20,0.722,0.419,0.006,0.404,403.620,0.042,3.535,3534.828,0.047,0.472,471.950,0.150,5.347,5347.216,42.474,34.077,8.397,
SBB_52-2,2020-12-01,14,8-Dec-20,1.240,0.737,0.010,0.702,702.311,0.075,6.264,6263.727,0.159,1.593,1592.986,0.155,5.533,5532.958,64.656,47.525,17.131,
SBB_52-3,2020-12-15,14,22-Dec-20,1.755,1.365,0.009,0.613,613.344,0.067,5.593,5593.017,0.114,1.135,1134.806,0.109,3.880,3879.779,92.952,75.002,17.950,
SBB_52-4,2020-12-29,14,5-Jan-21,0.948,0.700,0.005,0.366,366.374,0.039,3.280,3279.852,0.063,0.634,633.927,0.087,3.085,3085.209,49.496,38.798,10.698,
SBB_52-5,2021-01-12,14,19-Jan-21,1.726,1.345,0.008,0.545,544.808,0.062,5.172,5172.043,0.112,1.116,1116.042,0.114,4.046,4045.855,106.760,88.338,18.422,
SBB_52-6,2021-01-26,14,2-Feb-21,1.069,0.797,0.005,0.380,379.925,0.044,3.703,3703.264,0.066,0.664,664.261,0.094,3.348,3347.679,70.272,56.925,13.347,
SBB_52-7,2021-02-09,14,16-Feb-21,0.966,0.616,0.006,0.445,444.903,0.051,4.285,4284.522,0.053,0.527,527.002,0.168,5.994,5993.882,65.794,51.123,14.671,
SBB_52-8,2021-02-23,14,2-Mar-21,0.782,0.520,0.004,0.318,317.784,0.033,2.767,2767.187,0.060,0.600,599.707,0.119,4.235,4235.316,41.026,28.975,12.051,
SBB_52-9,2021-03-09,14,16-Mar-21,1.458,0.599,0.010,0.744,744.238,0.080,6.688,6688.000,0.040,0.399,398.873,0.618,22.007,22006.833,175.771,159.052,16.719,
SBB_52-10,2021-03-23,14,30-Mar-21,,,,,,,,,,,,,,,,,,
SBB_52-11,2021-04-06,14,13-Apr-21,0.653,0.265,0.005,0.374,374.314,0.036,2.997,2997.194,0.025,0.246,245.977,0.274,9.750,9750.149,35.491,20.447,15.044,
SBB_52-12,2021-04-20,14,27-Apr-21,0.786,0.415,0.007,0.512,512.384,0.051,4.262,4261.511,0.045,0.448,447.939,0.198,7.052,7051.666,55.818,45.812,10.006,
SBB_52-13,2021-05-04,14,11-May-21,0.772,0.360,0.007,0.499,498.616,0.050,4.149,4148.673,0.043,0.427,426.661,0.245,8.720,8719.954,55.781,42.154,13.627,
SBB_53-1,2021-05-28,14,4-Jun-21,1.267,0.830,0.012,0.857,857.242,0.079,6.614,6613.746,0.101,1.014,1014.048,0.137,4.890,4890.390,80.825,50.307,30.519,
SBB_53-2,2021-06-11,14,18-Jun-21,2.359,1.761,0.020,1.449,1448.832,0.122,10.130,10130.121,0.143,1.424,1423.864,0.152,5.395,5395.090,134.346,99.827,34.518,
SBB_53-3,2021-06-25,14,2-Jul-21,1.285,0.906,0.012,0.848,847.512,0.075,6.291,6290.741,0.088,0.875,874.583,0.102,3.640,3639.510,73.529,47.157,26.372,
SBB_53-4,2021-07-09,14,16-Jul-21,0.591,0.311,0.009,0.645,644.668,0.054,4.495,4495.377,0.041,0.407,406.597,0.104,3.718,3717.720,54.905,24.118,30.786,
SBB_53-5,2021-07-23,14,30-Jul-21,0.527,0.292,0.007,0.525,525.333,0.046,3.839,3838.726,0.038,0.378,377.610,0.083,2.948,2947.784,36.851,24.562,12.289,
SBB_53-6,2021-08-06,14,13-Aug-21,0.177,0.115,0.003,0.194,193.620,0.015,1.285,1284.647,0.012,0.121,121.492,0.011,0.395,394.949,15.081,7.098,7.983,
SBB_53-7,2021-08-20,14,27-Aug-21,0.312,0.188,0.004,0.305,304.671,0.027,2.248,2248.142,0.025,0.253,253.213,0.031,1.113,1112.967,23.675,12.904,10.771,
SBB_53-8,2021-09-03,14,10-Sep-21,0.683,0.364,0.009,0.611,611.335,0.064,5.314,5314.048,0.036,0.355,355.150,0.125,4.445,4444.637,49.979,32.805,17.175,
SBB_53-9,2021-09-17,14,24-Sep-21,0.499,0.302,0.006,0.442,441.527,0.042,3.524,3524.301,0.036,0.361,360.748,0.055,1.976,1975.616,36.114,24.107,12.007,
SBB_53-10,2021-10-01,14,8-Oct-21,0.741,0.496,0.006,0.446,445.759,0.048,4.001,4001.449,0.058,0.584,583.793,0.067,2.383,2383.109,41.156,29.438,11.717,
SBB_53-11,2021-10-15,14,22-Oct-21,1.505,1.088,0.011,0.803,803.395,0.086,7.191,7190.738,0.116,1.157,1157.257,0.085,3.031,3030.618,83.624,54.315,29.309,
SBB_53-12,,,,,,,,,,,,,,,,,,,,,
SBB_53-13,,,,,,,,,,,,,,,,,,,,,
SBB_54-1,2021-11-17,14,24-Nov-21,0.923,0.554,0.013,0.928,928.087,0.076,6.320,6320.457,0.104,1.038,1038.148,0.075,2.683,2682.664,664.751,,664.751,
SBB_54-2,2021-12-01,14,8-Dec-21,1.402,0.860,0.014,1.023,1023.408,0.095,7.937,7936.588,0.171,1.709,1708.668,0.133,4.732,4731.926,109.934,77.978,31.955,
SBB_54-3,2021-12-15,14,22-Dec-21,0.944,0.494,0.011,0.819,819.009,0.076,6.367,6367.048,0.095,0.947,946.682,0.164,5.855,5855.372,158.596,121.380,37.216,
SBB_54-4,2021-12-29,14,5-Jan-22,1.351,0.743,0.012,0.876,875.796,0.085,7.117,7117.418,0.126,1.260,1259.615,0.268,9.553,9553.226,149.426,141.207,8.218,
SBB_54-5,2022-01-12,14,19-Jan-22,0.819,0.447,0.013,0.898,897.555,0.065,5.409,5409.366,0.101,1.008,1007.724,0.109,3.878,3878.436,96.641,69.361,27.280,
SBB_54-6,2022-01-26,14,2-Feb-22,0.724,0.402,0.014,0.999,999.234,0.070,5.849,5848.954,0.083,0.827,827.420,0.064,2.276,2276.299,97.015,50.465,46.550,
SBB_54-7,2022-02-09,14,16-Feb-22,0.842,0.312,0.014,1.011,1010.695,0.089,7.443,7442.547,0.082,0.823,822.989,0.224,7.986,7986.242,97.104,74.653,22.451,
SBB_54-8,2022-02-23,14,2-Mar-22,0.350,0.138,0.006,0.429,428.544,0.038,3.139,3138.513,0.040,0.402,402.263,0.078,2.776,2775.963,64.168,49.688,14.480,
SBB_54-9,2022-03-09,14,16-Mar-22,0.640,0.332,0.007,0.524,524.466,0.044,3.665,3665.089,0.088,0.877,876.859,0.110,3.926,3926.371,79.328,59.712,19.617,
SBB_54-10,2022-03-23,14,30-Mar-22,0.402,0.161,0.005,0.390,390.386,0.035,2.886,2885.784,0.034,0.336,336.089,0.121,4.294,4294.404,78.211,65.957,12.254,
SBB_54-11,2022-04-06,14,13-Apr-22,0.584,0.285,0.007,0.524,524.319,0.049,4.087,4087.438,0.050,0.498,498.360,0.127,4.506,4506.113,87.563,68.604,18.959,
SBB_54-12,2022-04-20,14,27-Apr-22,0.363,0.151,0.007,0.514,513.928,0.039,3.248,3248.360,0.024,0.237,237.246,0.091,3.232,3232.018,89.759,78.776,10.983,
SBB_54-13,2022-05-04,14,11-May-22,0.074,0.031,0.001,0.089,88.985,0.007,0.584,583.890,0.006,0.055,55.491,0.019,0.681,681.012,13.337,9.321,4.016,
SBB_55-1,2022-05-27,14,3-Jun-22,0.733,0.395,0.008,0.570,569.886,0.053,4.417,4416.536,0.037,0.368,368.081,0.169,6.007,6006.835,46.005,23.461,22.544,
SBB_55-2,2022-06-10,14,17-Jun-22,2.877,1.932,0.023,1.615,1614.661,0.153,12.740,12739.542,0.132,1.321,1320.915,0.430,15.327,15326.947,152.863,88.904,63.959,
SBB_55-3,2022-06-24,14,1-Jul-22,2.027,1.181,0.017,1.221,1221.164,0.114,9.521,9521.431,0.094,0.938,937.885,0.467,16.614,16614.169,98.505,55.232,43.273,
SBB_55-4,2022-07-08,14,15-Jul-22,2.282,1.461,0.031,2.205,2205.252,0.178,14.807,14807.355,0.113,1.128,1128.040,0.264,9.392,9391.814,171.115,72.127,98.987,
SBB_55-5,2022-07-22,14,29-Jul-22,1.006,0.521,0.025,1.803,1803.084,0.120,9.988,9988.267,0.030,0.300,300.386,0.155,5.522,5521.773,29.682,29.387,0.295,
SBB_55-6,2022-08-05,14,12-Aug-22,0.739,0.475,0.009,0.658,657.813,0.058,4.823,4822.790,0.034,0.338,338.137,0.086,3.048,3048.419,67.633,48.138,19.495,
SBB_55-7,2022-08-19,14,26-Aug-22,0.177,0.112,0.002,0.129,128.543,0.012,1.035,1034.948,0.009,0.094,94.238,0.025,0.873,872.579,9.967,6.477,3.491,
SBB_55-8,2022-09-02,14,9-Sep-22,,,,,,,,,,,,,,,,,,
SBB_55-9,2022-09-16,14,23-Sep-22,,,,,,,,,,,,,,,,,,
SBB_55-10,2022-09-30,14,7-Oct-22,,,,,,,,,,,,,,,,,,
SBB_55-11,2022-10-14,14,21-Oct-22,,,,,,,,,,,,,,,,,,
SBB_55-12,2022-10-28,14,4-Nov-22,,,,,,,,,,,,,,,,,,
SBB_55-13,,14,7-Jan-00,,,,,,,,,,,,,,,,,,
SBB_56-1,2022-11-11,14,18-Nov-22,1.204,0.427,0.017,1.237,1237.098,0.108,9.025,9024.697,0.096,0.963,963.016,0.410,14.604,14603.751,125.932,93.617,32.316,
SBB_56-2,2022-11-25,14,2-Dec-22,1.077,0.447,0.027,1.954,1954.320,0.134,11.173,11172.912,0.135,1.346,1345.675,0.160,5.687,5686.509,36.811,,36.811,
SBB_56-3,2022-12-09,14,16-Dec-22,0.551,0.268,0.008,0.567,567.219,0.046,3.841,3841.045,0.079,0.788,788.154,0.090,3.188,3188.172,48.202,28.933,19.269,
SBB_56-4,2022-12-23,14,30-Dec-22,0.628,0.299,0.008,0.596,596.261,0.054,4.459,4459.332,0.068,0.676,675.723,0.128,4.553,4553.393,44.054,24.707,19.347,
SBB_56-5,2023-01-06,14,13-Jan-23,1.706,1.182,0.011,0.804,804.253,0.076,6.339,6339.066,0.188,1.877,1877.319,0.146,5.199,5198.898,102.461,73.347,29.114,
SBB_56-6,2023-01-20,14,27-Jan-23,0.802,0.554,0.005,0.338,338.469,0.031,2.549,2548.776,0.078,0.777,777.042,0.094,3.344,3343.881,45.540,36.475,9.065,
SBB_56-7,2023-02-03,14,10-Feb-23,,,,,,,,,,,,,,,,,,
SBB_56-8,2023-02-17,14,24-Feb-23,,,,,,,,,,,,,,,,,,
SBB_56-9,2023-03-03,14,10-Mar-23,,,,,,,,,,,,,,,,,,
SBB_56-10,2023-03-17,14,24-Mar-23,,,,,,,,,,,,,,,,,,
SBB_56-11,2023-03-31,14,7-Apr-23,,,,,,,,,,,,,,,,,,
SBB_56-12,2023-04-14,14,21-Apr-23,,,,,,,,,,,,,,,,,,
SBB_56-13,2023-04-28,13,4-May-23,,,,,,,,,,,,,,,,,,
SBB_57-1,2023-06-15,14,22-Jun-23,2.057,1.330,0.028,1.979,1978.839,0.172,14.298,14297.505,0.086,0.863,863.319,0.212,7.534,7534.399,472.539,371.780,100.759,
SBB_57-2,2023-06-29,14,6-Jul-23,4.513,2.281,0.053,3.772,3771.651,0.344,28.643,28643.490,0.176,1.759,1758.525,1.197,42.605,42604.568,432.444,318.928,113.517,
SBB_57-3,2023-07-13,14,20-Jul-23,2.943,1.757,0.030,2.130,2130.253,0.197,16.423,16423.227,0.153,1.529,1528.923,0.540,19.224,19223.875,389.349,325.974,63.375,
SBB_57-4,2023-07-27,14,3-Aug-23,2.083,1.175,0.020,1.414,1414.418,0.127,10.554,10554.243,0.210,2.102,2102.257,0.382,13.587,13586.904,257.871,216.762,41.109,
SBB_57-5,2023-08-10,14,17-Aug-23,0.171,0.105,0.002,0.111,110.732,0.010,0.846,845.666,0.017,0.171,170.765,0.023,0.832,832.023,9.216,6.289,2.927,
SBB_57-6,2023-08-24,14,31-Aug-23,3.387,2.511,0.024,1.731,1731.289,0.159,13.257,13257.182,0.196,1.954,1953.617,0.283,10.072,10071.740,255.497,238.149,17.348,
SBB_57-7,2023-09-07,14,14-Sep-23,0.801,0.514,0.011,0.776,775.799,0.062,5.126,5126.207,0.053,0.532,532.021,0.080,2.849,2849.079,77.674,35.835,41.839,
SBB_57-8,2023-09-21,14,28-Sep-23,0.319,0.209,0.006,0.398,398.472,0.029,2.422,2422.289,0.016,0.162,161.679,0.021,0.745,745.306,125.083,106.692,18.390,
SBB_57-9,2023-10-05,14,12-Oct-23,0.659,0.412,0.015,1.043,1042.966,0.070,5.858,5858.212,0.030,0.303,303.177,0.041,1.451,1450.775,157.520,124.083,33.437,
SBB_57-10,2023-10-19,14,26-Oct-23,0.394,0.263,0.005,0.388,388.038,0.029,2.432,2431.981,0.027,0.265,265.415,0.031,1.110,1109.903,35.697,21.261,14.436,
SBB_57-11,2023-11-02,14,9-Nov-23,0.782,0.539,0.007,0.526,525.691,0.044,3.696,3696.355,0.059,0.591,591.368,0.073,2.595,2595.036,51.664,37.247,14.417,
SBB_57-12,,,,,,,,,,,,,,,,,,,,,
SBB_57-13,,,,,,,,,,,,,,,,,,,,,
SBB_58-1,2023-12-07,14,14-Dec-23,2.345,1.799,0.015,1.041,1041.331,0.094,7.845,7845.080,0.137,1.369,1369.013,0.174,6.210,6210.387,139.603,107.752,31.852,
SBB_58-2,2023-12-21,14,28-Dec-23,2.218,1.652,0.013,0.908,908.012,0.079,6.590,6590.160,0.213,2.123,2123.418,0.155,5.528,5528.425,248.672,216.759,31.913,
SBB_58-3,2024-01-04,14,11-Jan-24,2.187,1.585,0.018,1.255,1255.419,0.103,8.606,8605.755,0.145,1.452,1452.390,0.199,7.091,7091.229,193.906,166.175,27.731,
SBB_58-4,2024-01-18,14,25-Jan-24,1.046,0.720,0.009,0.654,654.024,0.053,4.447,4447.188,0.080,0.797,797.394,0.112,4.001,4000.869,62.555,39.825,22.730,
SBB_58-5,2024-02-01,14,8-Feb-24,1.362,0.863,0.013,0.897,897.249,0.073,6.114,6113.953,0.174,1.734,1733.614,0.143,5.083,5083.302,80.660,52.701,27.959,
SBB_58-6,2024-02-15,14,22-Feb-24,0.463,0.281,0.007,0.521,521.368,0.039,3.227,3227.413,0.050,0.503,503.173,0.035,1.248,1247.816,94.599,84.485,10.113,
SBB_58-7,2024-02-29,14,7-Mar-24,0.441,0.205,0.008,0.551,550.907,0.043,3.624,3624.373,0.021,0.213,213.250,0.106,3.775,3774.961,161.444,157.237,4.207,
SBB_58-8,2024-03-14,14,21-Mar-24,0.856,0.371,0.010,0.741,740.749,0.069,5.717,5716.980,0.029,0.291,290.875,0.285,10.146,10146.149,115.455,80.046,35.409,
SBB_58-9,2024-03-28,14,4-Apr-24,0.274,0.147,0.004,0.319,318.922,0.024,1.974,1973.514,0.025,0.251,251.038,0.043,1.525,1524.530,25.218,9.178,16.039,
SBB_58-10,2024-04-11,14,18-Apr-24,0.224,0.122,0.004,0.286,286.429,0.020,1.648,1647.836,0.023,0.231,231.474,0.029,1.050,1050.289,39.342,10.136,29.206,
SBB_58-11,2024-04-25,14,2-May-24,0.237,0.120,0.004,0.305,305.423,0.022,1.865,1864.844,0.030,0.300,299.860,0.031,1.096,1096.202,21.272,9.253,12.018,
SBB_58-12,2024-05-09,14,16-May-24,0.638,0.359,0.007,0.520,519.957,0.043,3.546,3546.037,0.083,0.832,831.547,0.089,3.178,3177.948,39.819,21.281,18.538,
SBB_58-13,2024-05-23,13,29-May-24,0.594,0.320,0.008,0.595,594.981,0.045,3.711,3711.291,0.063,0.633,633.345,0.099,3.516,3516.297,63.669,43.656,20.014,
